ProductKey,OriginalProductId,ProductNumber,ProductClass,ProductSubClass,SubCategoryId,WeightUnits,SizeUnits,ProductName,StandardCost,Color,StockLevel,ReorderPoint,ListPrice,Size,SizeRange,Weight,ProductLine,Class,Style,ModelName,Description,StartDate,EndDate,Status
210,210,FR-R92B-58,FR-R92B,58,14,LB ,CM ,HL Road Frame - Black, 58,,Black,500,375,,58,54-58 CM,2.2400000000000002,R ,H ,U ,HL Road Frame,Our lightest and best quality aluminum frame made from the newest alloy; it is welded and heat-treated for strength. Our innovative design results in maximum comfort and performance.,2003-07-01 00:00:00,,Current
211,211,FR-R92R-58,FR-R92R,58,14,LB ,CM ,HL Road Frame - Red, 58,,Red,500,375,,58,54-58 CM,2.2400000000000002,R ,H ,U ,HL Road Frame,Our lightest and best quality aluminum frame made from the newest alloy; it is welded and heat-treated for strength. Our innovative design results in maximum comfort and performance.,2003-07-01 00:00:00,,Current
212,212,HL-U509-R,HL-U509,R,31,,,Sport-100 Helmet, Red,12.0278,Red,4,3,33.6442,,NA,,S ,,,Sport-100,Universal fit, well-vented, lightweight , snap-on visor.,2011-07-01 00:00:00,2007-12-28 00:00:00,Discontinued
215,215,HL-U509,HL-U509,,31,,,Sport-100 Helmet, Black,12.0278,Black,4,3,33.6442,,NA,,S ,,,Sport-100,Universal fit, well-vented, lightweight , snap-on visor.,2011-07-01 00:00:00,2007-12-28 00:00:00,Discontinued
218,218,SO-B909-M,SO-B909,M,23,,,Mountain Bike Socks, M,3.3963,White,4,3,9.5,M,M,,M ,,U ,Mountain Bike Socks,Combination of natural and synthetic fibers stays dry and provides just the right cushioning.,2011-07-01 00:00:00,2007-12-28 00:00:00,Discontinued
219,219,SO-B909-L,SO-B909,L,23,,,Mountain Bike Socks, L,3.3963,White,4,3,9.5,L,L,,M ,,U ,Mountain Bike Socks,Combination of natural and synthetic fibers stays dry and provides just the right cushioning.,2011-07-01 00:00:00,2007-12-28 00:00:00,Discontinued
220,220,HL-U509-B,HL-U509,B,31,,,Sport-100 Helmet, Blue,12.0278,Blue,4,3,33.6442,,NA,,S ,,,Sport-100,Universal fit, well-vented, lightweight , snap-on visor.,2011-07-01 00:00:00,2007-12-28 00:00:00,Discontinued
223,223,CA-1098,CA-1098,,19,,,AWC Logo Cap,5.7052,Multi,4,3,8.6442,,NA,,S ,,U ,Cycling Cap,Traditional style with a flip-up brim; one-size fits all.,2011-07-01 00:00:00,2007-12-28 00:00:00,Discontinued
226,226,LJ-0192-S,LJ-0192,S,21,,,Long-Sleeve Logo Jersey, S,31.7244,Multi,4,3,48.0673,S,S,,S ,,U ,Long-Sleeve Logo Jersey,Unisex long-sleeve AWC logo microfiber cycling jersey,2011-07-01 00:00:00,2007-12-28 00:00:00,Discontinued
229,229,LJ-0192-M,LJ-0192,M,21,,,Long-Sleeve Logo Jersey, M,31.7244,Multi,4,3,48.0673,M,M,,S ,,U ,Long-Sleeve Logo Jersey,Unisex long-sleeve AWC logo microfiber cycling jersey,2011-07-01 00:00:00,2007-12-28 00:00:00,Discontinued
232,232,LJ-0192-L,LJ-0192,L,21,,,Long-Sleeve Logo Jersey, L,31.7244,Multi,4,3,48.0673,L,L,,S ,,U ,Long-Sleeve Logo Jersey,Unisex long-sleeve AWC logo microfiber cycling jersey,2011-07-01 00:00:00,2007-12-28 00:00:00,Discontinued
235,235,LJ-0192-X,LJ-0192,X,21,,,Long-Sleeve Logo Jersey, XL,31.7244,Multi,4,3,48.0673,XL,XL,,S ,,U ,Long-Sleeve Logo Jersey,Unisex long-sleeve AWC logo microfiber cycling jersey,2011-07-01 00:00:00,2007-12-28 00:00:00,Discontinued
238,238,FR-R92R-62,FR-R92R,62,14,LB ,CM ,HL Road Frame - Red, 62,747.9682,Red,500,375,1263.4598,62,60-62 CM,2.2999999999999998,R ,H ,U ,HL Road Frame,Our lightest and best quality aluminum frame made from the newest alloy; it is welded and heat-treated for strength. Our innovative design results in maximum comfort and performance.,2011-07-01 00:00:00,2007-12-28 00:00:00,Discontinued
241,241,FR-R92R-44,FR-R92R,44,14,LB ,CM ,HL Road Frame - Red, 44,747.9682,Red,500,375,1263.4598,44,42-46 CM,2.1200000000000001,R ,H ,U ,HL Road Frame,Our lightest and best quality aluminum frame made from the newest alloy; it is welded and heat-treated for strength. Our innovative design results in maximum comfort and performance.,2011-07-01 00:00:00,2007-12-28 00:00:00,Discontinued
244,244,FR-R92R-48,FR-R92R,48,14,LB ,CM ,HL Road Frame - Red, 48,747.9682,Red,500,375,1263.4598,48,48-52 CM,2.1600000000000001,R ,H ,U ,HL Road Frame,Our lightest and best quality aluminum frame made from the newest alloy; it is welded and heat-treated for strength. Our innovative design results in maximum comfort and performance.,2011-07-01 00:00:00,2007-12-28 00:00:00,Discontinued
247,247,FR-R92R-52,FR-R92R,52,14,LB ,CM ,HL Road Frame - Red, 52,747.9682,Red,500,375,1263.4598,52,48-52 CM,2.2000000000000002,R ,H ,U ,HL Road Frame,Our lightest and best quality aluminum frame made from the newest alloy; it is welded and heat-treated for strength. Our innovative design results in maximum comfort and performance.,2011-07-01 00:00:00,2007-12-28 00:00:00,Discontinued
250,250,FR-R92R-56,FR-R92R,56,14,LB ,CM ,HL Road Frame - Red, 56,747.9682,Red,500,375,1263.4598,56,54-58 CM,2.2400000000000002,R ,H ,U ,HL Road Frame,Our lightest and best quality aluminum frame made from the newest alloy; it is welded and heat-treated for strength. Our innovative design results in maximum comfort and performance.,2011-07-01 00:00:00,2007-12-28 00:00:00,Discontinued
253,253,FR-R38B-58,FR-R38B,58,14,LB ,CM ,LL Road Frame - Black, 58,176.1997,Black,500,375,297.6346,58,54-58 CM,2.46,R ,L ,U ,LL Road Frame,The LL Frame provides a safe comfortable ride, while offering superior bump absorption in a value-priced aluminum frame.,2011-07-01 00:00:00,2007-12-28 00:00:00,Discontinued
256,256,FR-R38B-60,FR-R38B,60,14,LB ,CM ,LL Road Frame - Black, 60,176.1997,Black,500,375,297.6346,60,60-62 CM,2.48,R ,L ,U ,LL Road Frame,The LL Frame provides a safe comfortable ride, while offering superior bump absorption in a value-priced aluminum frame.,2011-07-01 00:00:00,2007-12-28 00:00:00,Discontinued
259,259,FR-R38B-62,FR-R38B,62,14,LB ,CM ,LL Road Frame - Black, 62,176.1997,Black,500,375,297.6346,62,60-62 CM,2.5,R ,L ,U ,LL Road Frame,The LL Frame provides a safe comfortable ride, while offering superior bump absorption in a value-priced aluminum frame.,2011-07-01 00:00:00,2007-12-28 00:00:00,Discontinued
262,262,FR-R38R-44,FR-R38R,44,14,LB ,CM ,LL Road Frame - Red, 44,181.4857,Red,500,375,306.5636,44,42-46 CM,2.3199999999999998,R ,L ,U ,LL Road Frame,The LL Frame provides a safe comfortable ride, while offering superior bump absorption in a value-priced aluminum frame.,2011-07-01 00:00:00,2007-12-28 00:00:00,Discontinued
264,264,FR-R38R-48,FR-R38R,48,14,LB ,CM ,LL Road Frame - Red, 48,181.4857,Red,500,375,306.5636,48,48-52 CM,2.3599999999999999,R ,L ,U ,LL Road Frame,The LL Frame provides a safe comfortable ride, while offering superior bump absorption in a value-priced aluminum frame.,2011-07-01 00:00:00,2007-12-28 00:00:00,Discontinued
266,266,FR-R38R-52,FR-R38R,52,14,LB ,CM ,LL Road Frame - Red, 52,181.4857,Red,500,375,306.5636,52,48-52 CM,2.3999999999999999,R ,L ,U ,LL Road Frame,The LL Frame provides a safe comfortable ride, while offering superior bump absorption in a value-priced aluminum frame.,2011-07-01 00:00:00,2007-12-28 00:00:00,Discontinued
268,268,FR-R38R-58,FR-R38R,58,14,LB ,CM ,LL Road Frame - Red, 58,181.4857,Red,500,375,306.5636,58,54-58 CM,2.46,R ,L ,U ,LL Road Frame,The LL Frame provides a safe comfortable ride, while offering superior bump absorption in a value-priced aluminum frame.,2011-07-01 00:00:00,2007-12-28 00:00:00,Discontinued
270,270,FR-R38R-60,FR-R38R,60,14,LB ,CM ,LL Road Frame - Red, 60,181.4857,Red,500,375,306.5636,60,60-62 CM,2.48,R ,L ,U ,LL Road Frame,The LL Frame provides a safe comfortable ride, while offering superior bump absorption in a value-priced aluminum frame.,2011-07-01 00:00:00,2007-12-28 00:00:00,Discontinued
272,272,FR-R38R-62,FR-R38R,62,14,LB ,CM ,LL Road Frame - Red, 62,181.4857,Red,500,375,306.5636,62,60-62 CM,2.5,R ,L ,U ,LL Road Frame,The LL Frame provides a safe comfortable ride, while offering superior bump absorption in a value-priced aluminum frame.,2011-07-01 00:00:00,2007-12-28 00:00:00,Discontinued
274,274,FR-R72R-44,FR-R72R,44,14,LB ,CM ,ML Road Frame - Red, 44,352.1394,Red,500,375,594.83,44,42-46 CM,2.2200000000000002,R ,M ,U ,ML Road Frame,Made from the same aluminum alloy as our top-of-the line HL frame, the ML features a lightweight down-tube milled to the perfect diameter for optimal strength. Men's version.,2011-07-01 00:00:00,2007-12-28 00:00:00,Discontinued
275,275,FR-R72R-48,FR-R72R,48,14,LB ,CM ,ML Road Frame - Red, 48,352.1394,Red,500,375,594.83,48,48-52 CM,2.2599999999999998,R ,M ,U ,ML Road Frame,Made from the same aluminum alloy as our top-of-the line HL frame, the ML features a lightweight down-tube milled to the perfect diameter for optimal strength. Men's version.,2011-07-01 00:00:00,2007-12-28 00:00:00,Discontinued
276,276,FR-R72R-52,FR-R72R,52,14,LB ,CM ,ML Road Frame - Red, 52,352.1394,Red,500,375,594.83,52,48-52 CM,2.2999999999999998,R ,M ,U ,ML Road Frame,Made from the same aluminum alloy as our top-of-the line HL frame, the ML features a lightweight down-tube milled to the perfect diameter for optimal strength. Men's version.,2011-07-01 00:00:00,2007-12-28 00:00:00,Discontinued
277,277,FR-R72R-58,FR-R72R,58,14,LB ,CM ,ML Road Frame - Red, 58,352.1394,Red,500,375,594.83,58,54-58 CM,2.3599999999999999,R ,M ,U ,ML Road Frame,Made from the same aluminum alloy as our top-of-the line HL frame, the ML features a lightweight down-tube milled to the perfect diameter for optimal strength. Men's version.,2011-07-01 00:00:00,2007-12-28 00:00:00,Discontinued
278,278,FR-R72R-60,FR-R72R,60,14,LB ,CM ,ML Road Frame - Red, 60,352.1394,Red,500,375,594.83,60,60-62 CM,2.3799999999999999,R ,M ,U ,ML Road Frame,Made from the same aluminum alloy as our top-of-the line HL frame, the ML features a lightweight down-tube milled to the perfect diameter for optimal strength. Men's version.,2011-07-01 00:00:00,2007-12-28 00:00:00,Discontinued
279,279,FR-R38B-44,FR-R38B,44,14,LB ,CM ,LL Road Frame - Black, 44,176.1997,Black,500,375,297.6346,44,42-46 CM,2.3199999999999998,R ,L ,U ,LL Road Frame,The LL Frame provides a safe comfortable ride, while offering superior bump absorption in a value-priced aluminum frame.,2011-07-01 00:00:00,2007-12-28 00:00:00,Discontinued
282,282,FR-R38B-48,FR-R38B,48,14,LB ,CM ,LL Road Frame - Black, 48,176.1997,Black,500,375,297.6346,48,48-52 CM,2.3599999999999999,R ,L ,U ,LL Road Frame,The LL Frame provides a safe comfortable ride, while offering superior bump absorption in a value-priced aluminum frame.,2011-07-01 00:00:00,2007-12-28 00:00:00,Discontinued
285,285,FR-R38B-52,FR-R38B,52,14,LB ,CM ,LL Road Frame - Black, 52,176.1997,Black,500,375,297.6346,52,48-52 CM,2.3999999999999999,R ,L ,U ,LL Road Frame,The LL Frame provides a safe comfortable ride, while offering superior bump absorption in a value-priced aluminum frame.,2011-07-01 00:00:00,2007-12-28 00:00:00,Discontinued
288,288,FR-M94S-42,FR-M94S,42,12,LB ,CM ,HL Mountain Frame - Silver, 42,623.8403,Silver,500,375,1204.3248,42,42-46 CM,2.7200000000000002,M ,H ,U ,HL Mountain Frame,Each frame is hand-crafted in our Bothell facility to the optimum diameter and wall-thickness required of a premium mountain frame. The heat-treated welded aluminum frame has a larger diameter tube that absorbs the bumps.,2011-07-01 00:00:00,2007-12-28 00:00:00,Discontinued
291,291,FR-M94S-44,FR-M94S,44,12,LB ,CM ,HL Mountain Frame - Silver, 44,706.811,Silver,500,375,1364.5,44,42-46 CM,2.7599999999999998,M ,H ,U ,HL Mountain Frame,Each frame is hand-crafted in our Bothell facility to the optimum diameter and wall-thickness required of a premium mountain frame. The heat-treated welded aluminum frame has a larger diameter tube that absorbs the bumps.,2011-07-01 00:00:00,2007-12-28 00:00:00,Discontinued
292,292,FR-M94S-52,FR-M94S,52,12,LB ,CM ,HL Mountain Frame - Silver, 48,706.811,Silver,500,375,1364.5,48,48-52 CM,2.7999999999999998,M ,H ,U ,HL Mountain Frame,Each frame is hand-crafted in our Bothell facility to the optimum diameter and wall-thickness required of a premium mountain frame. The heat-treated welded aluminum frame has a larger diameter tube that absorbs the bumps.,2011-07-01 00:00:00,2007-12-28 00:00:00,Discontinued
293,293,FR-M94S-46,FR-M94S,46,12,LB ,CM ,HL Mountain Frame - Silver, 46,623.8403,Silver,500,375,1204.3248,46,42-46 CM,2.8399999999999999,M ,H ,U ,HL Mountain Frame,Each frame is hand-crafted in our Bothell facility to the optimum diameter and wall-thickness required of a premium mountain frame. The heat-treated welded aluminum frame has a larger diameter tube that absorbs the bumps.,2011-07-01 00:00:00,2007-12-28 00:00:00,Discontinued
296,296,FR-M94B-42,FR-M94B,42,12,LB ,CM ,HL Mountain Frame - Black, 42,617.0281,Black,500,375,1191.1739,42,42-46 CM,2.7200000000000002,M ,H ,U ,HL Mountain Frame,Each frame is hand-crafted in our Bothell facility to the optimum diameter and wall-thickness required of a premium mountain frame. The heat-treated welded aluminum frame has a larger diameter tube that absorbs the bumps.,2011-07-01 00:00:00,2007-12-28 00:00:00,Discontinued
299,299,FR-M94B-44,FR-M94B,44,12,LB ,CM ,HL Mountain Frame - Black, 44,699.0928,Black,500,375,1349.6,44,42-46 CM,2.7599999999999998,M ,H ,U ,HL Mountain Frame,Each frame is hand-crafted in our Bothell facility to the optimum diameter and wall-thickness required of a premium mountain frame. The heat-treated welded aluminum frame has a larger diameter tube that absorbs the bumps.,2011-07-01 00:00:00,2007-12-28 00:00:00,Discontinued
300,300,FR-M94B-48,FR-M94B,48,12,LB ,CM ,HL Mountain Frame - Black, 48,699.0928,Black,500,375,1349.6,48,48-52 CM,2.7999999999999998,M ,H ,U ,HL Mountain Frame,Each frame is hand-crafted in our Bothell facility to the optimum diameter and wall-thickness required of a premium mountain frame. The heat-treated welded aluminum frame has a larger diameter tube that absorbs the bumps.,2011-07-01 00:00:00,2007-12-28 00:00:00,Discontinued
301,301,FR-M94B-46,FR-M94B,46,12,LB ,CM ,HL Mountain Frame - Black, 46,617.0281,Black,500,375,1191.1739,46,42-46 CM,2.8399999999999999,M ,H ,U ,HL Mountain Frame,Each frame is hand-crafted in our Bothell facility to the optimum diameter and wall-thickness required of a premium mountain frame. The heat-treated welded aluminum frame has a larger diameter tube that absorbs the bumps.,2011-07-01 00:00:00,2007-12-28 00:00:00,Discontinued
304,304,FR-M94B-38,FR-M94B,38,12,LB ,CM ,HL Mountain Frame - Black, 38,617.0281,Black,500,375,1191.1739,38,38-40 CM,2.6800000000000002,M ,H ,U ,HL Mountain Frame,Each frame is hand-crafted in our Bothell facility to the optimum diameter and wall-thickness required of a premium mountain frame. The heat-treated welded aluminum frame has a larger diameter tube that absorbs the bumps.,2011-07-01 00:00:00,2007-12-28 00:00:00,Discontinued
307,307,FR-M94S-38,FR-M94S,38,12,LB ,CM ,HL Mountain Frame - Silver, 38,623.8403,Silver,500,375,1204.3248,38,38-40 CM,2.6800000000000002,M ,H ,U ,HL Mountain Frame,Each frame is hand-crafted in our Bothell facility to the optimum diameter and wall-thickness required of a premium mountain frame. The heat-treated welded aluminum frame has a larger diameter tube that absorbs the bumps.,2011-07-01 00:00:00,2007-12-28 00:00:00,Discontinued
310,310,BK-R93R-62,BK-R93R,62,2,LB ,CM ,Road-150 Red, 62,2171.2942,Red,100,75,3578.27,62,60-62 CM,15,R ,H ,U ,Road-150,This bike is ridden by race winners. Developed with the Adventure Works Cycles professional race team, it has a extremely light heat-treated aluminum frame, and steering that allows precision control.,2011-07-01 00:00:00,2007-12-28 00:00:00,Discontinued
311,311,BK-R93R-44,BK-R93R,44,2,LB ,CM ,Road-150 Red, 44,2171.2942,Red,100,75,3578.27,44,42-46 CM,13.77,R ,H ,U ,Road-150,This bike is ridden by race winners. Developed with the Adventure Works Cycles professional race team, it has a extremely light heat-treated aluminum frame, and steering that allows precision control.,2011-07-01 00:00:00,2007-12-28 00:00:00,Discontinued
312,312,BK-R93R-48,BK-R93R,48,2,LB ,CM ,Road-150 Red, 48,2171.2942,Red,100,75,3578.27,48,48-52 CM,14.130000000000001,R ,H ,U ,Road-150,This bike is ridden by race winners. Developed with the Adventure Works Cycles professional race team, it has a extremely light heat-treated aluminum frame, and steering that allows precision control.,2011-07-01 00:00:00,2007-12-28 00:00:00,Discontinued
313,313,BK-R93R-52,BK-R93R,52,2,LB ,CM ,Road-150 Red, 52,2171.2942,Red,100,75,3578.27,52,48-52 CM,14.42,R ,H ,U ,Road-150,This bike is ridden by race winners. Developed with the Adventure Works Cycles professional race team, it has a extremely light heat-treated aluminum frame, and steering that allows precision control.,2011-07-01 00:00:00,2007-12-28 00:00:00,Discontinued
314,314,BK-R93R-56,BK-R93R,56,2,LB ,CM ,Road-150 Red, 56,2171.2942,Red,100,75,3578.27,56,54-58 CM,14.68,R ,H ,U ,Road-150,This bike is ridden by race winners. Developed with the Adventure Works Cycles professional race team, it has a extremely light heat-treated aluminum frame, and steering that allows precision control.,2011-07-01 00:00:00,2007-12-28 00:00:00,Discontinued
315,315,BK-R68R-58,BK-R68R,58,2,LB ,CM ,Road-450 Red, 58,884.7083,Red,100,75,1457.99,58,54-58 CM,17.789999999999999,R ,M ,U ,Road-450,A true multi-sport bike that offers streamlined riding and a revolutionary design. Aerodynamic design lets you ride with the pros, and the gearing will conquer hilly roads.,2011-07-01 00:00:00,2007-12-28 00:00:00,Discontinued
316,316,BK-R68R-60,BK-R68R,60,2,LB ,CM ,Road-450 Red, 60,884.7083,Red,100,75,1457.99,60,60-62 CM,17.899999999999999,R ,M ,U ,Road-450,A true multi-sport bike that offers streamlined riding and a revolutionary design. Aerodynamic design lets you ride with the pros, and the gearing will conquer hilly roads.,2011-07-01 00:00:00,2007-12-28 00:00:00,Discontinued
317,317,BK-R68R-44,BK-R68R,44,2,LB ,CM ,Road-450 Red, 44,884.7083,Red,100,75,1457.99,44,42-46 CM,16.77,R ,M ,U ,Road-450,A true multi-sport bike that offers streamlined riding and a revolutionary design. Aerodynamic design lets you ride with the pros, and the gearing will conquer hilly roads.,2011-07-01 00:00:00,2007-12-28 00:00:00,Discontinued
318,318,BK-R68R-48,BK-R68R,48,2,LB ,CM ,Road-450 Red, 48,884.7083,Red,100,75,1457.99,48,48-52 CM,17.129999999999999,R ,M ,U ,Road-450,A true multi-sport bike that offers streamlined riding and a revolutionary design. Aerodynamic design lets you ride with the pros, and the gearing will conquer hilly roads.,2011-07-01 00:00:00,2007-12-28 00:00:00,Discontinued
319,319,BK-R68R-52,BK-R68R,52,2,LB ,CM ,Road-450 Red, 52,884.7083,Red,100,75,1457.99,52,48-52 CM,17.420000000000002,R ,M ,U ,Road-450,A true multi-sport bike that offers streamlined riding and a revolutionary design. Aerodynamic design lets you ride with the pros, and the gearing will conquer hilly roads.,2011-07-01 00:00:00,2007-12-28 00:00:00,Discontinued
320,320,BK-R50R-58,BK-R50R,58,2,LB ,CM ,Road-650 Red, 58,413.1463,Red,100,75,699.0982,58,54-58 CM,19.789999999999999,R ,L ,U ,Road-650,Value-priced bike with many features of our top-of-the-line models. Has the same light, stiff frame, and the quick acceleration we're famous for.,2011-07-01 00:00:00,2007-12-28 00:00:00,Discontinued
322,322,BK-R50R-60,BK-R50R,60,2,LB ,CM ,Road-650 Red, 60,413.1463,Red,100,75,699.0982,60,60-62 CM,19.899999999999999,R ,L ,U ,Road-650,Value-priced bike with many features of our top-of-the-line models. Has the same light, stiff frame, and the quick acceleration we're famous for.,2011-07-01 00:00:00,2007-12-28 00:00:00,Discontinued
324,324,BK-R50R-62,BK-R50R,62,2,LB ,CM ,Road-650 Red, 62,413.1463,Red,100,75,699.0982,62,60-62 CM,20,R ,L ,U ,Road-650,Value-priced bike with many features of our top-of-the-line models. Has the same light, stiff frame, and the quick acceleration we're famous for.,2011-07-01 00:00:00,2007-12-28 00:00:00,Discontinued
326,326,BK-R50R-44,BK-R50R,44,2,LB ,CM ,Road-650 Red, 44,413.1463,Red,100,75,699.0982,44,42-46 CM,18.77,R ,L ,U ,Road-650,Value-priced bike with many features of our top-of-the-line models. Has the same light, stiff frame, and the quick acceleration we're famous for.,2011-07-01 00:00:00,2007-12-28 00:00:00,Discontinued
328,328,BK-R50R-48,BK-R50R,48,2,LB ,CM ,Road-650 Red, 48,413.1463,Red,100,75,699.0982,48,48-52 CM,19.129999999999999,R ,L ,U ,Road-650,Value-priced bike with many features of our top-of-the-line models. Has the same light, stiff frame, and the quick acceleration we're famous for.,2011-07-01 00:00:00,2007-12-28 00:00:00,Discontinued
330,330,BK-R50R-52,BK-R50R,52,2,LB ,CM ,Road-650 Red, 52,413.1463,Red,100,75,699.0982,52,48-52 CM,19.420000000000002,R ,L ,U ,Road-650,Value-priced bike with many features of our top-of-the-line models. Has the same light, stiff frame, and the quick acceleration we're famous for.,2011-07-01 00:00:00,2007-12-28 00:00:00,Discontinued
332,332,BK-R50B-58,BK-R50B,58,2,LB ,CM ,Road-650 Black, 58,413.1463,Black,100,75,699.0982,58,54-58 CM,19.789999999999999,R ,L ,U ,Road-650,Value-priced bike with many features of our top-of-the-line models. Has the same light, stiff frame, and the quick acceleration we're famous for.,2011-07-01 00:00:00,2007-12-28 00:00:00,Discontinued
334,334,BK-R50B-60,BK-R50B,60,2,LB ,CM ,Road-650 Black, 60,413.1463,Black,100,75,699.0982,60,60-62 CM,19.899999999999999,R ,L ,U ,Road-650,Value-priced bike with many features of our top-of-the-line models. Has the same light, stiff frame, and the quick acceleration we're famous for.,2011-07-01 00:00:00,2007-12-28 00:00:00,Discontinued
336,336,BK-R50B-62,BK-R50B,62,2,LB ,CM ,Road-650 Black, 62,413.1463,Black,100,75,699.0982,62,60-62 CM,20,R ,L ,U ,Road-650,Value-priced bike with many features of our top-of-the-line models. Has the same light, stiff frame, and the quick acceleration we're famous for.,2011-07-01 00:00:00,2007-12-28 00:00:00,Discontinued
338,338,BK-R50B-44,BK-R50B,44,2,LB ,CM ,Road-650 Black, 44,413.1463,Black,100,75,699.0982,44,42-46 CM,18.77,R ,L ,U ,Road-650,Value-priced bike with many features of our top-of-the-line models. Has the same light, stiff frame, and the quick acceleration we're famous for.,2011-07-01 00:00:00,2007-12-28 00:00:00,Discontinued
340,340,BK-R50B-48,BK-R50B,48,2,LB ,CM ,Road-650 Black, 48,413.1463,Black,100,75,699.0982,48,48-52 CM,19.129999999999999,R ,L ,U ,Road-650,Value-priced bike with many features of our top-of-the-line models. Has the same light, stiff frame, and the quick acceleration we're famous for.,2011-07-01 00:00:00,2007-12-28 00:00:00,Discontinued
342,342,BK-R50B-52,BK-R50B,52,2,LB ,CM ,Road-650 Black, 52,413.1463,Black,100,75,699.0982,52,48-52 CM,19.420000000000002,R ,L ,U ,Road-650,Value-priced bike with many features of our top-of-the-line models. Has the same light, stiff frame, and the quick acceleration we're famous for.,2011-07-01 00:00:00,2007-12-28 00:00:00,Discontinued
344,344,BK-M82S-38,BK-M82S,38,1,LB ,CM ,Mountain-100 Silver, 38,1912.1544,Silver,100,75,3399.99,38,38-40 CM,20.350000000000001,M ,H ,U ,Mountain-100,Top-of-the-line competition mountain bike. Performance-enhancing options include the innovative HL Frame, super-smooth front suspension, and traction for all terrain.,2011-07-01 00:00:00,2007-12-28 00:00:00,Discontinued
345,345,BK-M82S-42,BK-M82S,42,1,LB ,CM ,Mountain-100 Silver, 42,1912.1544,Silver,100,75,3399.99,42,42-46 CM,20.77,M ,H ,U ,Mountain-100,Top-of-the-line competition mountain bike. Performance-enhancing options include the innovative HL Frame, super-smooth front suspension, and traction for all terrain.,2011-07-01 00:00:00,2007-12-28 00:00:00,Discontinued
346,346,BK-M82S-44,BK-M82S,44,1,LB ,CM ,Mountain-100 Silver, 44,1912.1544,Silver,100,75,3399.99,44,42-46 CM,21.129999999999999,M ,H ,U ,Mountain-100,Top-of-the-line competition mountain bike. Performance-enhancing options include the innovative HL Frame, super-smooth front suspension, and traction for all terrain.,2011-07-01 00:00:00,2007-12-28 00:00:00,Discontinued
347,347,BK-M82S-48,BK-M82S,48,1,LB ,CM ,Mountain-100 Silver, 48,1912.1544,Silver,100,75,3399.99,48,48-52 CM,21.420000000000002,M ,H ,U ,Mountain-100,Top-of-the-line competition mountain bike. Performance-enhancing options include the innovative HL Frame, super-smooth front suspension, and traction for all terrain.,2011-07-01 00:00:00,2007-12-28 00:00:00,Discontinued
348,348,BK-M82B-38,BK-M82B,38,1,LB ,CM ,Mountain-100 Black, 38,1898.0944,Black,100,75,3374.99,38,38-40 CM,20.350000000000001,M ,H ,U ,Mountain-100,Top-of-the-line competition mountain bike. Performance-enhancing options include the innovative HL Frame, super-smooth front suspension, and traction for all terrain.,2011-07-01 00:00:00,2007-12-28 00:00:00,Discontinued
349,349,BK-M82B-42,BK-M82B,42,1,LB ,CM ,Mountain-100 Black, 42,1898.0944,Black,100,75,3374.99,42,42-46 CM,20.77,M ,H ,U ,Mountain-100,Top-of-the-line competition mountain bike. Performance-enhancing options include the innovative HL Frame, super-smooth front suspension, and traction for all terrain.,2011-07-01 00:00:00,2007-12-28 00:00:00,Discontinued
350,350,BK-M82B-44,BK-M82B,44,1,LB ,CM ,Mountain-100 Black, 44,1898.0944,Black,100,75,3374.99,44,42-46 CM,21.129999999999999,M ,H ,U ,Mountain-100,Top-of-the-line competition mountain bike. Performance-enhancing options include the innovative HL Frame, super-smooth front suspension, and traction for all terrain.,2011-07-01 00:00:00,2007-12-28 00:00:00,Discontinued
351,351,BK-M82B-48,BK-M82B,48,1,LB ,CM ,Mountain-100 Black, 48,1898.0944,Black,100,75,3374.99,48,48-52 CM,21.420000000000002,M ,H ,U ,Mountain-100,Top-of-the-line competition mountain bike. Performance-enhancing options include the innovative HL Frame, super-smooth front suspension, and traction for all terrain.,2011-07-01 00:00:00,2007-12-28 00:00:00,Discontinued
352,352,BK-M68S-38,BK-M68S,38,1,LB ,CM ,Mountain-200 Silver, 38,1117.8559,Silver,100,75,2071.4196,38,38-40 CM,23.350000000000001,M ,H ,U ,Mountain-200,Serious back-country riding. Perfect for all levels of competition. Uses the same HL Frame as the Mountain-100.,2012-07-01 00:00:00,2008-12-27 00:00:00,Discontinued
354,354,BK-M68S-42,BK-M68S,42,1,LB ,CM ,Mountain-200 Silver, 42,1117.8559,Silver,100,75,2071.4196,42,42-46 CM,23.77,M ,H ,U ,Mountain-200,Serious back-country riding. Perfect for all levels of competition. Uses the same HL Frame as the Mountain-100.,2012-07-01 00:00:00,2008-12-27 00:00:00,Discontinued
356,356,BK-M68S-46,BK-M68S,46,1,LB ,CM ,Mountain-200 Silver, 46,1117.8559,Silver,100,75,2071.4196,46,42-46 CM,24.129999999999999,M ,H ,U ,Mountain-200,Serious back-country riding. Perfect for all levels of competition. Uses the same HL Frame as the Mountain-100.,2012-07-01 00:00:00,2008-12-27 00:00:00,Discontinued
358,358,BK-M68B-38,BK-M68B,38,1,LB ,CM ,Mountain-200 Black, 38,1105.81,Black,100,75,2049.0982,38,38-40 CM,23.350000000000001,M ,H ,U ,Mountain-200,Serious back-country riding. Perfect for all levels of competition. Uses the same HL Frame as the Mountain-100.,2012-07-01 00:00:00,2008-12-27 00:00:00,Discontinued
360,360,BK-M68B-42,BK-M68B,42,1,LB ,CM ,Mountain-200 Black, 42,1105.81,Black,100,75,2049.0982,42,42-46 CM,23.77,M ,H ,U ,Mountain-200,Serious back-country riding. Perfect for all levels of competition. Uses the same HL Frame as the Mountain-100.,2012-07-01 00:00:00,2008-12-27 00:00:00,Discontinued
362,362,BK-M68B-46,BK-M68B,46,1,LB ,CM ,Mountain-200 Black, 46,1105.81,Black,100,75,2049.0982,46,42-46 CM,24.129999999999999,M ,H ,U ,Mountain-200,Serious back-country riding. Perfect for all levels of competition. Uses the same HL Frame as the Mountain-100.,2012-07-01 00:00:00,2008-12-27 00:00:00,Discontinued
364,364,BK-M47B-38,BK-M47B,38,1,LB ,CM ,Mountain-300 Black, 38,598.4354,Black,100,75,1079.99,38,38-40 CM,25.350000000000001,M ,M ,U ,Mountain-300,For true trail addicts.  An extremely durable bike that will go anywhere and keep you in control on challenging terrain - without breaking your budget.,2012-07-01 00:00:00,2008-12-27 00:00:00,Discontinued
365,365,BK-M47B-40,BK-M47B,40,1,LB ,CM ,Mountain-300 Black, 40,598.4354,Black,100,75,1079.99,40,38-40 CM,25.77,M ,M ,U ,Mountain-300,For true trail addicts.  An extremely durable bike that will go anywhere and keep you in control on challenging terrain - without breaking your budget.,2012-07-01 00:00:00,2008-12-27 00:00:00,Discontinued
366,366,BK-M47B-44,BK-M47B,44,1,LB ,CM ,Mountain-300 Black, 44,598.4354,Black,100,75,1079.99,44,42-46 CM,26.129999999999999,M ,M ,U ,Mountain-300,For true trail addicts.  An extremely durable bike that will go anywhere and keep you in control on challenging terrain - without breaking your budget.,2012-07-01 00:00:00,2008-12-27 00:00:00,Discontinued
367,367,BK-M47B-48,BK-M47B,48,1,LB ,CM ,Mountain-300 Black, 48,598.4354,Black,100,75,1079.99,48,48-52 CM,26.420000000000002,M ,M ,U ,Mountain-300,For true trail addicts.  An extremely durable bike that will go anywhere and keep you in control on challenging terrain - without breaking your budget.,2012-07-01 00:00:00,2008-12-27 00:00:00,Discontinued
368,368,BK-R89R-44,BK-R89R,44,2,LB ,CM ,Road-250 Red, 44,1518.7864,Red,100,75,2443.35,44,42-46 CM,14.77,R ,H ,U ,Road-250,Alluminum-alloy frame provides a light, stiff ride, whether you are racing in the velodrome or on a demanding club ride on country roads.,2012-07-01 00:00:00,2008-12-27 00:00:00,Discontinued
369,369,BK-R89R-48,BK-R89R,48,2,LB ,CM ,Road-250 Red, 48,1518.7864,Red,100,75,2443.35,48,48-52 CM,15.130000000000001,R ,H ,U ,Road-250,Alluminum-alloy frame provides a light, stiff ride, whether you are racing in the velodrome or on a demanding club ride on country roads.,2012-07-01 00:00:00,2008-12-27 00:00:00,Discontinued
370,370,BK-R89R-52,BK-R89R,52,2,LB ,CM ,Road-250 Red, 52,1518.7864,Red,100,75,2443.35,52,48-52 CM,15.42,R ,H ,U ,Road-250,Alluminum-alloy frame provides a light, stiff ride, whether you are racing in the velodrome or on a demanding club ride on country roads.,2012-07-01 00:00:00,2008-12-27 00:00:00,Discontinued
371,371,BK-R89R-58,BK-R89R,58,2,LB ,CM ,Road-250 Red, 58,1320.6838,Red,100,75,2181.5625,58,54-58 CM,15.789999999999999,R ,H ,U ,Road-250,Alluminum-alloy frame provides a light, stiff ride, whether you are racing in the velodrome or on a demanding club ride on country roads.,2012-07-01 00:00:00,2008-12-27 00:00:00,Discontinued
373,373,BK-R89B-44,BK-R89B,44,2,LB ,CM ,Road-250 Black, 44,1320.6838,Black,100,75,2181.5625,44,42-46 CM,14.77,R ,H ,U ,Road-250,Alluminum-alloy frame provides a light, stiff ride, whether you are racing in the velodrome or on a demanding club ride on country roads.,2012-07-01 00:00:00,2008-12-27 00:00:00,Discontinued
375,375,BK-R89B-48,BK-R89B,48,2,LB ,CM ,Road-250 Black, 48,1320.6838,Black,100,75,2181.5625,48,48-52 CM,15.130000000000001,R ,H ,U ,Road-250,Alluminum-alloy frame provides a light, stiff ride, whether you are racing in the velodrome or on a demanding club ride on country roads.,2012-07-01 00:00:00,2008-12-27 00:00:00,Discontinued
377,377,BK-R89B-52,BK-R89B,52,2,LB ,CM ,Road-250 Black, 52,1320.6838,Black,100,75,2181.5625,52,48-52 CM,15.42,R ,H ,U ,Road-250,Alluminum-alloy frame provides a light, stiff ride, whether you are racing in the velodrome or on a demanding club ride on country roads.,2012-07-01 00:00:00,2008-12-27 00:00:00,Discontinued
379,379,BK-R89B-58,BK-R89B,58,2,LB ,CM ,Road-250 Black, 58,1320.6838,Black,100,75,2181.5625,58,54-58 CM,15.68,R ,H ,U ,Road-250,Alluminum-alloy frame provides a light, stiff ride, whether you are racing in the velodrome or on a demanding club ride on country roads.,2012-07-01 00:00:00,2008-12-27 00:00:00,Discontinued
381,381,BK-R64Y-38,BK-R64Y,38,2,LB ,CM ,Road-550-W Yellow, 38,605.6492,Yellow,100,75,1000.4375,38,38-40 CM,17.350000000000001,R ,M ,W ,Road-550-W,Same technology as all of our Road series bikes, but the frame is sized for a woman.  Perfect all-around bike for road or racing.,2012-07-01 00:00:00,2008-12-27 00:00:00,Discontinued
383,383,BK-R64Y-40,BK-R64Y,40,2,LB ,CM ,Road-550-W Yellow, 40,605.6492,Yellow,100,75,1000.4375,40,38-40 CM,17.77,R ,M ,W ,Road-550-W,Same technology as all of our Road series bikes, but the frame is sized for a woman.  Perfect all-around bike for road or racing.,2012-07-01 00:00:00,2008-12-27 00:00:00,Discontinued
385,385,BK-R64Y-42,BK-R64Y,42,2,LB ,CM ,Road-550-W Yellow, 42,605.6492,Yellow,100,75,1000.4375,42,42-46 CM,18.129999999999999,R ,M ,W ,Road-550-W,Same technology as all of our Road series bikes, but the frame is sized for a woman.  Perfect all-around bike for road or racing.,2012-07-01 00:00:00,2008-12-27 00:00:00,Discontinued
387,387,BK-R64Y-44,BK-R64Y,44,2,LB ,CM ,Road-550-W Yellow, 44,605.6492,Yellow,100,75,1000.4375,44,42-46 CM,18.420000000000002,R ,M ,W ,Road-550-W,Same technology as all of our Road series bikes, but the frame is sized for a woman.  Perfect all-around bike for road or racing.,2012-07-01 00:00:00,2008-12-27 00:00:00,Discontinued
389,389,BK-R64Y-48,BK-R64Y,48,2,LB ,CM ,Road-550-W Yellow, 48,605.6492,Yellow,100,75,1000.4375,48,48-52 CM,18.68,R ,M ,W ,Road-550-W,Same technology as all of our Road series bikes, but the frame is sized for a woman.  Perfect all-around bike for road or racing.,2012-07-01 00:00:00,2008-12-27 00:00:00,Discontinued
391,391,FK-1639,FK-1639,,10,,,LL Fork,65.8097,NA,500,375,148.22,,NA,,,L ,,LL Fork,Stout design absorbs shock and offers more precise steering.,2012-07-01 00:00:00,2008-12-27 00:00:00,Discontinued
392,392,FK-5136,FK-5136,,10,,,ML Fork,77.9176,NA,500,375,175.49,,NA,,,M ,,ML Fork,Composite road fork with an aluminum steerer tube.,2012-07-01 00:00:00,2008-12-27 00:00:00,Discontinued
393,393,FK-9939,FK-9939,,10,,,HL Fork,101.8936,NA,500,375,229.49,,NA,,,H ,,HL Fork,High-performance carbon road fork with curved legs.,2012-07-01 00:00:00,2008-12-27 00:00:00,Discontinued
394,394,HS-0296,HS-0296,,11,,,LL Headset,15.1848,NA,500,375,34.2,,NA,,,L ,,LL Headset,Threadless headset provides quality at an economical price.,2012-07-01 00:00:00,2008-12-27 00:00:00,Discontinued
395,395,HS-2451,HS-2451,,11,,,ML Headset,45.4168,NA,500,375,102.29,,NA,,,M ,,ML Headset,Sealed cartridge keeps dirt out.,2012-07-01 00:00:00,2008-12-27 00:00:00,Discontinued
396,396,HS-3479,HS-3479,,11,,,HL Headset,55.3801,NA,500,375,124.73,,NA,,,H ,,HL Headset,High-quality 1" threadless headset with a grease port for quick lubrication.,2012-07-01 00:00:00,2008-12-27 00:00:00,Discontinued
397,397,HB-M243,HB-M243,,4,,,LL Mountain Handlebars,17.978,NA,500,375,40.4909,,NA,,M ,L ,,LL Mountain Handlebars,All-purpose bar for on or off-road.,2012-07-01 00:00:00,2008-12-27 00:00:00,Discontinued
399,399,HB-M763,HB-M763,,4,,,ML Mountain Handlebars,24.9932,NA,500,375,56.2909,,NA,,M ,M ,,ML Mountain Handlebars,Tough aluminum alloy bars for downhill.,2012-07-01 00:00:00,2008-12-27 00:00:00,Discontinued
401,401,HB-M918,HB-M918,,4,,,HL Mountain Handlebars,48.5453,NA,500,375,109.3364,,NA,,M ,H ,,HL Mountain Handlebars,Flat bar strong enough for the pro circuit.,2012-07-01 00:00:00,2008-12-27 00:00:00,Discontinued
403,403,HB-R504,HB-R504,,4,,,LL Road Handlebars,17.978,NA,500,375,40.4909,,NA,,R ,L ,,LL Road Handlebars,Unique shape provides easier reach to the levers.,2012-07-01 00:00:00,2008-12-27 00:00:00,Discontinued
405,405,HB-R720,HB-R720,,4,,,ML Road Handlebars,24.9932,NA,500,375,56.2909,,NA,,R ,M ,,ML Road Handlebars,Anatomically shaped aluminum tube bar will suit all riders.,2012-07-01 00:00:00,2008-12-27 00:00:00,Discontinued
407,407,HB-R956,HB-R956,,4,,,HL Road Handlebars,48.5453,NA,500,375,109.3364,,NA,,R ,H ,,HL Road Handlebars,Designed for racers; high-end anatomically shaped bar from aluminum alloy.,2012-07-01 00:00:00,2008-12-27 00:00:00,Discontinued
409,409,FR-M63B-38,FR-M63B,38,12,LB ,CM ,ML Mountain Frame - Black, 38,185.8193,Black,500,375,348.76,38,38-40 CM,2.73,M ,M ,U ,ML Mountain Frame-W,The ML frame is a heat-treated aluminum frame made with the same detail and quality as our HL frame. It offers superior performance. Men's version.,2012-07-01 00:00:00,2008-12-27 00:00:00,Discontinued
410,410,FW-M423,FW-M423,,17,,,LL Mountain Front Wheel,26.9708,Black,500,375,60.745,,NA,,M ,L ,,LL Mountain Front Wheel,Replacement mountain wheel for entry-level rider.,2012-07-01 00:00:00,2008-12-27 00:00:00,Discontinued
411,411,FW-M762,FW-M762,,17,,,ML Mountain Front Wheel,92.8071,Black,500,375,209.025,,NA,,M ,M ,,ML Mountain Front Wheel,Replacement mountain wheel for the casual to serious rider.,2012-07-01 00:00:00,2008-12-27 00:00:00,Discontinued
412,412,FW-M928,FW-M928,,17,,,HL Mountain Front Wheel,133.2955,Black,500,375,300.215,,NA,,M ,H ,,HL Mountain Front Wheel,High-performance mountain replacement wheel.,2012-07-01 00:00:00,2008-12-27 00:00:00,Discontinued
413,413,FW-R623,FW-R623,,17,G  ,,LL Road Front Wheel,37.9909,Black,500,375,85.565,,NA,900,R ,L ,,LL Road Front Wheel,Replacement road front wheel for entry-level cyclist.,2012-07-01 00:00:00,2008-12-27 00:00:00,Discontinued
414,414,FW-R762,FW-R762,,17,G  ,,ML Road Front Wheel,110.2829,Black,500,375,248.385,,NA,850,R ,M ,,ML Road Front Wheel,Sturdy alloy features a quick-release hub.,2012-07-01 00:00:00,2008-12-27 00:00:00,Discontinued
415,415,FW-R820,FW-R820,,17,G  ,,HL Road Front Wheel,146.5466,Black,500,375,330.06,,NA,650,R ,H ,,HL Road Front Wheel,Strong wheel with double-walled rim.,2012-07-01 00:00:00,2008-12-27 00:00:00,Discontinued
416,416,FW-T905,FW-T905,,17,,,Touring Front Wheel,96.7964,Black,500,375,218.01,,NA,,T ,,,Touring Front Wheel,Aerodynamic rims for smooth riding.,2012-07-01 00:00:00,2008-12-27 00:00:00,Discontinued
417,417,FR-R72Y-38,FR-R72Y,38,14,LB ,CM ,ML Road Frame-W - Yellow, 38,300.1188,Yellow,500,375,540.7545,38,38-40 CM,2.1800000000000002,R ,M ,W ,ML Road Frame-W,Made from the same aluminum alloy as our top-of-the line HL frame, the ML features a lightweight down-tube milled to the perfect diameter for optimal strength. Women's version.,2012-07-01 00:00:00,2008-12-27 00:00:00,Discontinued
419,419,RW-M423,RW-M423,,17,,,LL Mountain Rear Wheel,38.9588,Black,500,375,87.745,,NA,,M ,L ,,LL Mountain Rear Wheel,Replacement mountain wheel for entry-level rider.,2012-07-01 00:00:00,2008-12-27 00:00:00,Discontinued
420,420,RW-M762,RW-M762,,17,,,ML Mountain Rear Wheel,104.7951,Black,500,375,236.025,,NA,,M ,M ,,ML Mountain Rear Wheel,Replacement mountain wheel for the casual to serious rider.,2012-07-01 00:00:00,2008-12-27 00:00:00,Discontinued
421,421,RW-M928,RW-M928,,17,,,HL Mountain Rear Wheel,145.2835,Black,500,375,327.215,,NA,,M ,H ,,HL Mountain Rear Wheel,High-performance mountain replacement wheel.,2012-07-01 00:00:00,2008-12-27 00:00:00,Discontinued
422,422,RW-R623,RW-R623,,17,G  ,,LL Road Rear Wheel,49.9789,Black,500,375,112.565,,NA,1050,R ,L ,,LL Road Rear Wheel,Replacement road rear wheel for entry-level cyclist.,2012-07-01 00:00:00,2008-12-27 00:00:00,Discontinued
423,423,RW-R762,RW-R762,,17,G  ,,ML Road Rear Wheel,122.2709,Black,500,375,275.385,,NA,1000,R ,M ,,ML Road Rear Wheel,Aluminum alloy rim with stainless steel spokes; built for speed.,2012-07-01 00:00:00,2008-12-27 00:00:00,Discontinued
424,424,RW-R820,RW-R820,,17,G  ,,HL Road Rear Wheel,158.5346,Black,500,375,357.06,,NA,890,R ,H ,,HL Road Rear Wheel,Strong rear wheel with double-walled rim.,2012-07-01 00:00:00,2008-12-27 00:00:00,Discontinued
425,425,RW-T905,RW-T905,,17,,,Touring Rear Wheel,108.7844,Black,500,375,245.01,,NA,,T ,,,Touring Rear Wheel,Excellent aerodynamic rims guarantee a smooth ride.,2012-07-01 00:00:00,2008-12-27 00:00:00,Discontinued
426,426,FR-M63B-40,FR-M63B,40,12,LB ,CM ,ML Mountain Frame - Black, 40,185.8193,Black,500,375,348.76,40,38-40 CM,2.77,M ,M ,U ,ML Mountain Frame,The ML frame is a heat-treated aluminum frame made with the same detail and quality as our HL frame. It offers superior performance. Women's version.,2012-07-01 00:00:00,2008-12-27 00:00:00,Discontinued
427,427,FR-M63B-44,FR-M63B,44,12,LB ,CM ,ML Mountain Frame - Black, 44,185.8193,Black,500,375,348.76,44,42-46 CM,2.8100000000000001,M ,M ,U ,ML Mountain Frame,The ML frame is a heat-treated aluminum frame made with the same detail and quality as our HL frame. It offers superior performance. Women's version.,2012-07-01 00:00:00,2008-12-27 00:00:00,Discontinued
428,428,FR-M63B-48,FR-M63B,48,12,LB ,CM ,ML Mountain Frame - Black, 48,185.8193,Black,500,375,348.76,48,48-52 CM,2.8500000000000001,M ,M ,U ,ML Mountain Frame,The ML frame is a heat-treated aluminum frame made with the same detail and quality as our HL frame. It offers superior performance. Women's version.,2012-07-01 00:00:00,2008-12-27 00:00:00,Discontinued
429,429,FR-R72Y-40,FR-R72Y,40,14,LB ,CM ,ML Road Frame-W - Yellow, 40,300.1188,Yellow,500,375,540.7545,40,38-40 CM,2.2200000000000002,R ,M ,W ,ML Road Frame-W,Made from the same aluminum alloy as our top-of-the line HL frame, the ML features a lightweight down-tube milled to the perfect diameter for optimal strength. Women's version.,2012-07-01 00:00:00,2008-12-27 00:00:00,Discontinued
431,431,FR-R72Y-42,FR-R72Y,42,14,LB ,CM ,ML Road Frame-W - Yellow, 42,300.1188,Yellow,500,375,540.7545,42,42-46 CM,2.2599999999999998,R ,M ,W ,ML Road Frame-W,Made from the same aluminum alloy as our top-of-the line HL frame, the ML features a lightweight down-tube milled to the perfect diameter for optimal strength. Women's version.,2012-07-01 00:00:00,2008-12-27 00:00:00,Discontinued
433,433,FR-R72Y-44,FR-R72Y,44,14,LB ,CM ,ML Road Frame-W - Yellow, 44,300.1188,Yellow,500,375,540.7545,44,42-46 CM,2.2999999999999998,R ,M ,W ,ML Road Frame-W,Made from the same aluminum alloy as our top-of-the line HL frame, the ML features a lightweight down-tube milled to the perfect diameter for optimal strength. Women's version.,2012-07-01 00:00:00,2008-12-27 00:00:00,Discontinued
435,435,FR-R72Y-48,FR-R72Y,48,14,LB ,CM ,ML Road Frame-W - Yellow, 48,300.1188,Yellow,500,375,540.7545,48,48-52 CM,2.3399999999999999,R ,M ,W ,ML Road Frame-W,Made from the same aluminum alloy as our top-of-the line HL frame, the ML features a lightweight down-tube milled to the perfect diameter for optimal strength. Women's version.,2012-07-01 00:00:00,2008-12-27 00:00:00,Discontinued
437,437,FR-R92B-62,FR-R92B,62,14,LB ,CM ,HL Road Frame - Black, 62,722.2568,Black,500,375,1301.3636,62,60-62 CM,2.2999999999999998,R ,H ,U ,HL Road Frame,Our lightest and best quality aluminum frame made from the newest alloy; it is welded and heat-treated for strength. Our innovative design results in maximum comfort and performance.,2012-07-01 00:00:00,2008-12-27 00:00:00,Discontinued
439,439,FR-R92B-44,FR-R92B,44,14,LB ,CM ,HL Road Frame - Black, 44,722.2568,Black,500,375,1301.3636,44,42-46 CM,2.1200000000000001,R ,H ,U ,HL Road Frame,Our lightest and best quality aluminum frame made from the newest alloy; it is welded and heat-treated for strength. Our innovative design results in maximum comfort and performance.,2012-07-01 00:00:00,2008-12-27 00:00:00,Discontinued
441,441,FR-R92B-48,FR-R92B,48,14,LB ,CM ,HL Road Frame - Black, 48,722.2568,Black,500,375,1301.3636,48,48-52 CM,2.1600000000000001,R ,H ,U ,HL Road Frame,Our lightest and best quality aluminum frame made from the newest alloy; it is welded and heat-treated for strength. Our innovative design results in maximum comfort and performance.,2012-07-01 00:00:00,2008-12-27 00:00:00,Discontinued
443,443,FR-R92B-52,FR-R92B,52,14,LB ,CM ,HL Road Frame - Black, 52,722.2568,Black,500,375,1301.3636,52,48-52 CM,2.2000000000000002,R ,H ,U ,HL Road Frame,Our lightest and best quality aluminum frame made from the newest alloy; it is welded and heat-treated for strength. Our innovative design results in maximum comfort and performance.,2012-07-01 00:00:00,2008-12-27 00:00:00,Discontinued
445,445,SH-M897-S,SH-M897,S,22,,,Men's Sports Shorts, S,24.7459,Black,4,3,59.99,S,S,,S ,,M ,Men's Sports Shorts,Men's 8-panel racing shorts - lycra with an elastic waistband and leg grippers.,2012-07-01 00:00:00,2008-12-27 00:00:00,Discontinued
446,446,PA-T100,PA-T100,,35,,,Touring-Panniers, Large,51.5625,Grey,4,3,125,,NA,,T ,,,Touring-Panniers,Durable, water-proof nylon construction with easy access. Large enough for weekend trips.,2012-07-01 00:00:00,2008-12-27 00:00:00,Discontinued
447,447,LO-C100,LO-C100,,34,,,Cable Lock,10.3125,NA,4,3,25,,NA,,S ,,,Cable Lock,Wraps to fit front and rear tires, carrier and 2 keys included.,2012-07-01 00:00:00,2008-12-27 00:00:00,Discontinued
448,448,PU-0452,PU-0452,,36,,,Minipump,8.2459,NA,4,3,19.99,,NA,,S ,,,Minipump,Designed for convenience. Fits in your pocket. Aluminum barrel. 160psi rated.,2012-07-01 00:00:00,2008-12-27 00:00:00,Discontinued
449,449,PU-M044,PU-M044,,36,,,Mountain Pump,10.3084,NA,4,3,24.99,,NA,,M ,,,Mountain Pump,Simple and light-weight. Emergency patches stored in handle.,2012-07-01 00:00:00,2008-12-27 00:00:00,Discontinued
450,450,LT-T990,LT-T990,,33,,,Taillights - Battery-Powered,5.7709,NA,4,3,13.99,,NA,,R ,,,Taillight,Affordable light for safe night riding - uses 3 AAA batteries,2012-07-01 00:00:00,2008-12-27 00:00:00,Discontinued
451,451,LT-H902,LT-H902,,33,,,Headlights - Dual-Beam,14.4334,NA,4,3,34.99,,NA,,R ,,,Headlights - Dual-Beam,Rechargeable dual-beam headlight.,2012-07-01 00:00:00,2008-12-27 00:00:00,Discontinued
452,452,LT-H903,LT-H903,,33,,,Headlights - Weatherproof,18.5584,NA,4,3,44.99,,NA,,R ,,,Headlights - Weatherproof,Rugged weatherproof headlight.,2012-07-01 00:00:00,2008-12-27 00:00:00,Discontinued
453,453,SH-M897-M,SH-M897,M,22,,,Men's Sports Shorts, M,24.7459,Black,4,3,59.99,M,M,,S ,,M ,Men's Sports Shorts,Men's 8-panel racing shorts - lycra with an elastic waistband and leg grippers.,2012-07-01 00:00:00,2008-12-27 00:00:00,Discontinued
454,454,SH-M897-L,SH-M897,L,22,,,Men's Sports Shorts, L,24.7459,Black,4,3,59.99,L,L,,S ,,M ,Men's Sports Shorts,Men's 8-panel racing shorts - lycra with an elastic waistband and leg grippers.,2012-07-01 00:00:00,2008-12-27 00:00:00,Discontinued
455,455,SH-M897-X,SH-M897,X,22,,,Men's Sports Shorts, XL,24.7459,Black,4,3,59.99,XL,XL,,S ,,M ,Men's Sports Shorts,Men's 8-panel racing shorts - lycra with an elastic waistband and leg grippers.,2012-07-01 00:00:00,2008-12-27 00:00:00,Discontinued
456,456,TG-W091-S,TG-W091,S,24,,,Women's Tights, S,30.9334,Black,4,3,74.99,S,S,,S ,,W ,Women's Tights,Warm spandex tights for winter riding; seamless chamois construction eliminates pressure points.,2012-07-01 00:00:00,2008-12-27 00:00:00,Discontinued
457,457,TG-W091-M,TG-W091,M,24,,,Women's Tights, M,30.9334,Black,4,3,74.99,M,M,,S ,,W ,Women's Tights,Warm spandex tights for winter riding; seamless chamois construction eliminates pressure points.,2012-07-01 00:00:00,2008-12-27 00:00:00,Discontinued
458,458,TG-W091-L,TG-W091,L,24,,,Women's Tights, L,30.9334,Black,4,3,74.99,L,L,,S ,,W ,Women's Tights,Warm spandex tights for winter riding; seamless chamois construction eliminates pressure points.,2012-07-01 00:00:00,2008-12-27 00:00:00,Discontinued
459,459,SB-M891-S,SB-M891,S,18,,,Men's Bib-Shorts, S,37.1209,Multi,4,3,89.99,S,S,,S ,,M ,Men's Bib-Shorts,Designed for the AWC team with stay-put straps, moisture-control, chamois padding, and leg grippers.,2012-07-01 00:00:00,2008-12-27 00:00:00,Discontinued
460,460,SB-M891-M,SB-M891,M,18,,,Men's Bib-Shorts, M,37.1209,Multi,4,3,89.99,M,M,,S ,,M ,Men's Bib-Shorts,Designed for the AWC team with stay-put straps, moisture-control, chamois padding, and leg grippers.,2012-07-01 00:00:00,2008-12-27 00:00:00,Discontinued
461,461,SB-M891-L,SB-M891,L,18,,,Men's Bib-Shorts, L,37.1209,Multi,4,3,89.99,L,L,,S ,,M ,Men's Bib-Shorts,Designed for the AWC team with stay-put straps, moisture-control, chamois padding, and leg grippers.,2012-07-01 00:00:00,2008-12-27 00:00:00,Discontinued
462,462,GL-H102-S,GL-H102,S,20,,,Half-Finger Gloves, S,9.7136,Black,4,3,23.5481,S,S,,S ,,U ,Half-Finger Gloves,Full padding, improved finger flex, durable palm, adjustable closure.,2012-07-01 00:00:00,2008-12-27 00:00:00,Discontinued
464,464,GL-H102-M,GL-H102,M,20,,,Half-Finger Gloves, M,9.7136,Black,4,3,23.5481,M,M,,S ,,U ,Half-Finger Gloves,Full padding, improved finger flex, durable palm, adjustable closure.,2012-07-01 00:00:00,2008-12-27 00:00:00,Discontinued
466,466,GL-H102-L,GL-H102,L,20,,,Half-Finger Gloves, L,9.7136,Black,4,3,23.5481,L,L,,S ,,U ,Half-Finger Gloves,Full padding, improved finger flex, durable palm, adjustable closure.,2012-07-01 00:00:00,2008-12-27 00:00:00,Discontinued
468,468,GL-F110-S,GL-F110,S,20,,,Full-Finger Gloves, S,15.6709,Black,4,3,37.99,S,S,,M ,,U ,Full-Finger Gloves,Synthetic palm, flexible knuckles, breathable mesh upper. Worn by the AWC team riders.,2012-07-01 00:00:00,2008-12-27 00:00:00,Discontinued
469,469,GL-F110-M,GL-F110,M,20,,,Full-Finger Gloves, M,15.6709,Black,4,3,37.99,M,M,,M ,,U ,Full-Finger Gloves,Synthetic palm, flexible knuckles, breathable mesh upper. Worn by the AWC team riders.,2012-07-01 00:00:00,2008-12-27 00:00:00,Discontinued
470,470,GL-F110-L,GL-F110,L,20,,,Full-Finger Gloves, L,15.6709,Black,4,3,37.99,L,L,,M ,,U ,Full-Finger Gloves,Synthetic palm, flexible knuckles, breathable mesh upper. Worn by the AWC team riders.,2012-07-01 00:00:00,2008-12-27 00:00:00,Discontinued
471,471,VE-C304-S,VE-C304,S,25,,,Classic Vest, S,23.749,Blue,4,3,63.5,S,S,,S ,,U ,Classic Vest,Light-weight, wind-resistant, packs to fit into a pocket.,2013-07-01 00:00:00,,Current
472,472,VE-C304-M,VE-C304,M,25,,,Classic Vest, M,23.749,Blue,4,3,63.5,M,M,,S ,,U ,Classic Vest,Light-weight, wind-resistant, packs to fit into a pocket.,2013-07-01 00:00:00,,Current
473,473,VE-C304-L,VE-C304,L,25,,,Classic Vest, L,23.749,Blue,4,3,63.5,L,L,,S ,,U ,Classic Vest,Light-weight, wind-resistant, packs to fit into a pocket.,2013-07-01 00:00:00,,Current
474,474,SH-W890-S,SH-W890,S,22,,,Women's Mountain Shorts, S,26.1763,Black,4,3,69.99,S,S,,M ,,W ,Women's Mountain Shorts,Heavy duty, abrasion-resistant shorts feature seamless, lycra inner shorts with anti-bacterial chamois for comfort.,2013-07-01 00:00:00,,Current
475,475,SH-W890-M,SH-W890,M,22,,,Women's Mountain Shorts, M,26.1763,Black,4,3,69.99,M,M,,M ,,W ,Women's Mountain Shorts,Heavy duty, abrasion-resistant shorts feature seamless, lycra inner shorts with anti-bacterial chamois for comfort.,2013-07-01 00:00:00,,Current
476,476,SH-W890-L,SH-W890,L,22,,,Women's Mountain Shorts, L,26.1763,Black,4,3,69.99,L,L,,M ,,W ,Women's Mountain Shorts,Heavy duty, abrasion-resistant shorts feature seamless, lycra inner shorts with anti-bacterial chamois for comfort.,2013-07-01 00:00:00,,Current
477,477,WB-H098,WB-H098,,28,,,Water Bottle - 30 oz.,1.8663,NA,4,3,4.99,,NA,,S ,,,Water Bottle,AWC logo water bottle - holds 30 oz; leak-proof.,2013-07-01 00:00:00,,Current
478,478,BC-M005,BC-M005,,28,,,Mountain Bottle Cage,3.7363,NA,4,3,9.99,,NA,,M ,,,Mountain Bottle Cage,Tough aluminum cage holds bottle securly on tough terrain.,2013-07-01 00:00:00,,Current
479,479,BC-R205,BC-R205,,28,,,Road Bottle Cage,3.3623,NA,4,3,8.99,,NA,,R ,,,Road Bottle Cage,Aluminum cage is lighter than our mountain version; perfect for long distance trips.,2013-07-01 00:00:00,,Current
480,480,PK-7098,PK-7098,,37,,,Patch Kit/8 Patches,0.8565,NA,4,3,2.29,,NA,,S ,,,Patch kit,Includes 8 different size patches, glue and sandpaper.,2013-07-01 00:00:00,,Current
481,481,SO-R809-M,SO-R809,M,23,,,Racing Socks, M,3.3623,White,4,3,8.99,M,M,,R ,,U ,Racing Socks,Thin, lightweight and durable with cuffs that stay up.,2013-07-01 00:00:00,,Current
482,482,SO-R809-L,SO-R809,L,23,,,Racing Socks, L,3.3623,White,4,3,8.99,L,L,,R ,,U ,Racing Socks,Thin, lightweight and durable with cuffs that stay up.,2013-07-01 00:00:00,,Current
483,483,RA-H123,RA-H123,,26,,,Hitch Rack - 4-Bike,44.88,NA,4,3,120,,NA,,S ,,,Hitch Rack - 4-Bike,Carries 4 bikes securely; steel construction, fits 2" receiver hitch.,2013-07-01 00:00:00,,Current
484,484,CL-9009,CL-9009,,29,,,Bike Wash - Dissolver,2.9733,NA,4,3,7.95,,NA,,S ,,,Bike Wash,Washes off the toughest road grime; dissolves grease, environmentally safe. 1-liter bottle.,2013-07-01 00:00:00,,Current
485,485,FE-6654,FE-6654,,30,,,Fender Set - Mountain,8.2205,NA,4,3,21.98,,NA,,M ,,,Fender Set - Mountain,Clip-on fenders fit most mountain bikes.,2013-07-01 00:00:00,,Current
486,486,ST-1401,ST-1401,,27,,,All-Purpose Bike Stand,59.466,NA,4,3,159,,NA,,M ,,,All-Purpose Bike Stand,Perfect all-purpose bike stand for working on your bike at home. Quick-adjusting clamps and steel construction.,2013-07-01 00:00:00,,Current
487,487,HY-1023-70,HY-1023,70,32,,,Hydration Pack - 70 oz.,20.5663,Silver,4,3,54.99,70,70,,S ,,,Hydration Pack,Versatile 70 oz hydration pack offers extra storage, easy-fill access, and a waist belt.,2013-07-01 00:00:00,,Current
488,488,SJ-0194-S,SJ-0194,S,21,,,Short-Sleeve Classic Jersey, S,41.5723,Yellow,4,3,53.99,S,S,,S ,,U ,Short-Sleeve Classic Jersey,Short sleeve classic breathable jersey with superior moisture control, front zipper, and 3 back pockets.,2013-07-01 00:00:00,,Current
489,489,SJ-0194-M,SJ-0194,M,21,,,Short-Sleeve Classic Jersey, M,41.5723,Yellow,4,3,53.99,M,M,,S ,,U ,Short-Sleeve Classic Jersey,Short sleeve classic breathable jersey with superior moisture control, front zipper, and 3 back pockets.,2013-07-01 00:00:00,,Current
490,490,SJ-0194-L,SJ-0194,L,21,,,Short-Sleeve Classic Jersey, L,41.5723,Yellow,4,3,53.99,L,L,,S ,,U ,Short-Sleeve Classic Jersey,Short sleeve classic breathable jersey with superior moisture control, front zipper, and 3 back pockets.,2013-07-01 00:00:00,,Current
491,491,SJ-0194-X,SJ-0194,X,21,,,Short-Sleeve Classic Jersey, XL,41.5723,Yellow,4,3,53.99,XL,XL,,S ,,U ,Short-Sleeve Classic Jersey,Short sleeve classic breathable jersey with superior moisture control, front zipper, and 3 back pockets.,2013-07-01 00:00:00,,Current
492,492,FR-T98Y-60,FR-T98Y,60,16,LB ,CM ,HL Touring Frame - Yellow, 60,601.7437,Yellow,500,375,1003.91,60,60-62 CM,3.0800000000000001,T ,H ,U ,HL Touring Frame,The HL aluminum frame is custom-shaped for both good looks and strength; it will withstand the most rigorous challenges of daily riding. Men's version.,2013-07-01 00:00:00,,Current
493,493,FR-T67Y-62,FR-T67Y,62,16,LB ,CM ,LL Touring Frame - Yellow, 62,199.8519,Yellow,500,375,333.42,62,60-62 CM,3.2000000000000002,T ,L ,U ,LL Touring Frame,Lightweight butted aluminum frame provides a more upright riding position for a trip around town.  Our ground-breaking design provides optimum comfort.,2013-07-01 00:00:00,,Current
494,494,FR-T98Y-46,FR-T98Y,46,16,LB ,CM ,HL Touring Frame - Yellow, 46,601.7437,Yellow,500,375,1003.91,46,42-46 CM,2.96,T ,H ,U ,HL Touring Frame,The HL aluminum frame is custom-shaped for both good looks and strength; it will withstand the most rigorous challenges of daily riding. Men's version.,2013-07-01 00:00:00,,Current
495,495,FR-T98Y-50,FR-T98Y,50,16,LB ,CM ,HL Touring Frame - Yellow, 50,601.7437,Yellow,500,375,1003.91,50,48-52 CM,3,T ,H ,U ,HL Touring Frame,The HL aluminum frame is custom-shaped for both good looks and strength; it will withstand the most rigorous challenges of daily riding. Men's version.,2013-07-01 00:00:00,,Current
496,496,FR-T98Y-54,FR-T98Y,54,16,LB ,CM ,HL Touring Frame - Yellow, 54,601.7437,Yellow,500,375,1003.91,54,54-58 CM,3.04,T ,H ,U ,HL Touring Frame,The HL aluminum frame is custom-shaped for both good looks and strength; it will withstand the most rigorous challenges of daily riding. Men's version.,2013-07-01 00:00:00,,Current
497,497,FR-T98U-46,FR-T98U,46,16,LB ,CM ,HL Touring Frame - Blue, 46,601.7437,Blue,500,375,1003.91,46,42-46 CM,2.96,T ,H ,U ,HL Touring Frame,The HL aluminum frame is custom-shaped for both good looks and strength; it will withstand the most rigorous challenges of daily riding. Men's version.,2013-07-01 00:00:00,,Current
498,498,FR-T98U-50,FR-T98U,50,16,LB ,CM ,HL Touring Frame - Blue, 50,601.7437,Blue,500,375,1003.91,50,48-52 CM,3,T ,H ,U ,HL Touring Frame,The HL aluminum frame is custom-shaped for both good looks and strength; it will withstand the most rigorous challenges of daily riding. Men's version.,2013-07-01 00:00:00,,Current
499,499,FR-T98U-54,FR-T98U,54,16,LB ,CM ,HL Touring Frame - Blue, 54,601.7437,Blue,500,375,1003.91,54,54-58 CM,3.04,T ,H ,U ,HL Touring Frame,The HL aluminum frame is custom-shaped for both good looks and strength; it will withstand the most rigorous challenges of daily riding. Men's version.,2013-07-01 00:00:00,,Current
500,500,FR-T98U-60,FR-T98U,60,16,LB ,CM ,HL Touring Frame - Blue, 60,601.7437,Blue,500,375,1003.91,60,60-62 CM,3.0800000000000001,T ,H ,U ,HL Touring Frame,The HL aluminum frame is custom-shaped for both good looks and strength; it will withstand the most rigorous challenges of daily riding. Men's version.,2013-07-01 00:00:00,,Current
501,501,RD-2308,RD-2308,,9,G  ,,Rear Derailleur,53.9282,Silver,500,375,121.46,,NA,215,,,,Rear Derailleur,Wide-link design.,2013-07-01 00:00:00,,Current
502,502,FR-T67U-50,FR-T67U,50,16,LB ,CM ,LL Touring Frame - Blue, 50,199.8519,Blue,500,375,333.42,50,48-52 CM,3.1000000000000001,T ,L ,U ,LL Touring Frame,Lightweight butted aluminum frame provides a more upright riding position for a trip around town.  Our ground-breaking design provides optimum comfort.,2013-07-01 00:00:00,,Current
503,503,FR-T67U-54,FR-T67U,54,16,LB ,CM ,LL Touring Frame - Blue, 54,199.8519,Blue,500,375,333.42,54,54-58 CM,3.1400000000000001,T ,L ,U ,LL Touring Frame,Lightweight butted aluminum frame provides a more upright riding position for a trip around town.  Our ground-breaking design provides optimum comfort.,2013-07-01 00:00:00,,Current
504,504,FR-T67U-58,FR-T67U,58,16,LB ,CM ,LL Touring Frame - Blue, 58,199.8519,Blue,500,375,333.42,58,54-58 CM,3.1600000000000001,T ,L ,U ,LL Touring Frame,Lightweight butted aluminum frame provides a more upright riding position for a trip around town.  Our ground-breaking design provides optimum comfort.,2013-07-01 00:00:00,,Current
505,505,FR-T67U-62,FR-T67U,62,16,LB ,CM ,LL Touring Frame - Blue, 62,199.8519,Blue,500,375,333.42,62,60-62 CM,3.2000000000000002,T ,L ,U ,LL Touring Frame,Lightweight butted aluminum frame provides a more upright riding position for a trip around town.  Our ground-breaking design provides optimum comfort.,2013-07-01 00:00:00,,Current
506,506,FR-T67Y-44,FR-T67Y,44,16,LB ,CM ,LL Touring Frame - Yellow, 44,199.8519,Yellow,500,375,333.42,44,42-46 CM,3.02,T ,L ,U ,LL Touring Frame,Lightweight butted aluminum frame provides a more upright riding position for a trip around town.  Our ground-breaking design provides optimum comfort.,2013-07-01 00:00:00,,Current
507,507,FR-T67Y-50,FR-T67Y,50,16,LB ,CM ,LL Touring Frame - Yellow, 50,199.8519,Yellow,500,375,333.42,50,48-52 CM,3.1000000000000001,T ,L ,U ,LL Touring Frame,Lightweight butted aluminum frame provides a more upright riding position for a trip around town.  Our ground-breaking design provides optimum comfort.,2013-07-01 00:00:00,,Current
508,508,FR-T67Y-54,FR-T67Y,54,16,LB ,CM ,LL Touring Frame - Yellow, 54,199.8519,Yellow,500,375,333.42,54,54-58 CM,3.1400000000000001,T ,L ,U ,LL Touring Frame,Lightweight butted aluminum frame provides a more upright riding position for a trip around town.  Our ground-breaking design provides optimum comfort.,2013-07-01 00:00:00,,Current
509,509,FR-T67Y-58,FR-T67Y,58,16,LB ,CM ,LL Touring Frame - Yellow, 58,199.8519,Yellow,500,375,333.42,58,54-58 CM,3.1600000000000001,T ,L ,U ,LL Touring Frame,Lightweight butted aluminum frame provides a more upright riding position for a trip around town.  Our ground-breaking design provides optimum comfort.,2013-07-01 00:00:00,,Current
510,510,FR-T67U-44,FR-T67U,44,16,LB ,CM ,LL Touring Frame - Blue, 44,199.8519,Blue,500,375,333.42,44,42-46 CM,3.02,T ,L ,U ,LL Touring Frame,Lightweight butted aluminum frame provides a more upright riding position for a trip around town.  Our ground-breaking design provides optimum comfort.,2013-07-01 00:00:00,,Current
511,511,FR-M63S-40,FR-M63S,40,12,LB ,CM ,ML Mountain Frame-W - Silver, 40,199.3757,Silver,500,375,364.09,40,38-40 CM,2.77,M ,M ,W ,ML Mountain Frame-W,The ML frame is a heat-treated aluminum frame made with the same detail and quality as our HL frame. It offers superior performance. Men's version.,2013-07-01 00:00:00,,Current
512,512,FR-M63S-42,FR-M63S,42,12,LB ,CM ,ML Mountain Frame-W - Silver, 42,199.3757,Silver,500,375,364.09,42,42-46 CM,2.8100000000000001,M ,M ,W ,ML Mountain Frame-W,The ML frame is a heat-treated aluminum frame made with the same detail and quality as our HL frame. It offers superior performance. Men's version.,2013-07-01 00:00:00,,Current
513,513,FR-M63S-46,FR-M63S,46,12,LB ,CM ,ML Mountain Frame-W - Silver, 46,199.3757,Silver,500,375,364.09,46,42-46 CM,2.8500000000000001,M ,M ,W ,ML Mountain Frame-W,The ML frame is a heat-treated aluminum frame made with the same detail and quality as our HL frame. It offers superior performance. Men's version.,2013-07-01 00:00:00,,Current
514,514,RB-9231,RB-9231,,6,G  ,,Rear Brakes,47.286,Silver,500,375,106.5,,NA,317,,,,Rear Brakes,,2013-07-01 00:00:00,,Current
515,515,SE-M236,SE-M236,,15,,,LL Mountain Seat/Saddle,12.0413,NA,500,375,27.12,,NA,,M ,L ,,LL Mountain Seat/Saddle 2,Synthetic leather. Features gel for increased comfort.,2013-07-01 00:00:00,,Current
516,516,SE-M798,SE-M798,,15,,,ML Mountain Seat/Saddle,17.3782,NA,500,375,39.14,,NA,,M ,M ,,ML Mountain Seat/Saddle 2,Designed to absorb shock.,2013-07-01 00:00:00,,Current
517,517,SE-M940,SE-M940,,15,,,HL Mountain Seat/Saddle,23.3722,NA,500,375,52.64,,NA,,M ,H ,,HL Mountain Seat/Saddle 2,Anatomic design for a full-day of riding in comfort. Durable leather.,2013-07-01 00:00:00,,Current
518,518,SE-R581,SE-R581,,15,,,LL Road Seat/Saddle,12.0413,NA,500,375,27.12,,NA,,R ,L ,,LL Road Seat/Saddle 1,Lightweight foam-padded saddle.,2013-07-01 00:00:00,,Current
519,519,SE-R908,SE-R908,,15,,,ML Road Seat/Saddle,17.3782,NA,500,375,39.14,,NA,,T ,M ,,ML Road Seat/Saddle 2,Rubber bumpers absorb bumps.,2013-07-01 00:00:00,,Current
520,520,SE-R995,SE-R995,,15,,,HL Road Seat/Saddle,23.3722,NA,500,375,52.64,,NA,,R ,H ,,HL Road Seat/Saddle 2,Lightweight kevlar racing saddle. Leather.,2013-07-01 00:00:00,,Current
521,521,SE-T312,SE-T312,,15,,,LL Touring Seat/Saddle,12.0413,NA,500,375,27.12,,NA,,T ,L ,,LL Touring Seat/Saddle,Comfortable, ergonomically shaped gel saddle.,2013-07-01 00:00:00,,Current
522,522,SE-T762,SE-T762,,15,,,ML Touring Seat/Saddle,17.3782,NA,500,375,39.14,,NA,,T ,M ,,ML Touring Seat/Saddle,New design relieves pressure for long rides.,2013-07-01 00:00:00,,Current
523,523,SE-T924,SE-T924,,15,,,HL Touring Seat/Saddle,23.3722,NA,500,375,52.64,,NA,,T ,H ,,HL Touring Seat/Saddle,Cut-out shell for a more comfortable ride.,2013-07-01 00:00:00,,Current
524,524,FR-M21S-42,FR-M21S,42,12,LB ,CM ,LL Mountain Frame - Silver, 42,144.5938,Silver,500,375,264.05,42,42-46 CM,2.9199999999999999,M ,L ,U ,LL Mountain Frame,Our best value utilizing the same, ground-breaking frame technology as the ML aluminum frame.,2013-07-01 00:00:00,,Current
525,525,FR-M21S-44,FR-M21S,44,12,LB ,CM ,LL Mountain Frame - Silver, 44,144.5938,Silver,500,375,264.05,44,42-46 CM,2.96,M ,L ,U ,LL Mountain Frame,Our best value utilizing the same, ground-breaking frame technology as the ML aluminum frame.,2013-07-01 00:00:00,,Current
526,526,FR-M21S-48,FR-M21S,48,12,LB ,CM ,LL Mountain Frame - Silver, 48,144.5938,Silver,500,375,264.05,48,48-52 CM,3,M ,L ,U ,LL Mountain Frame,Our best value utilizing the same, ground-breaking frame technology as the ML aluminum frame.,2013-07-01 00:00:00,,Current
527,527,FR-M21S-52,FR-M21S,52,12,LB ,CM ,LL Mountain Frame - Silver, 52,144.5938,Silver,500,375,264.05,52,48-52 CM,3.04,M ,L ,U ,LL Mountain Frame,Our best value utilizing the same, ground-breaking frame technology as the ML aluminum frame.,2013-07-01 00:00:00,,Current
528,528,TT-M928,TT-M928,,37,,,Mountain Tire Tube,1.8663,NA,500,375,4.99,,NA,,M ,,,Mountain Tire Tube,Self-sealing tube.,2013-07-01 00:00:00,,Current
529,529,TT-R982,TT-R982,,37,,,Road Tire Tube,1.4923,NA,500,375,3.99,,NA,,R ,,,Road Tire Tube,Conventional all-purpose tube.,2013-07-01 00:00:00,,Current
530,530,TT-T092,TT-T092,,37,,,Touring Tire Tube,1.8663,NA,500,375,4.99,,NA,,T ,,,Touring Tire Tube,General purpose tube.,2013-07-01 00:00:00,,Current
531,531,FR-M21B-42,FR-M21B,42,12,LB ,CM ,LL Mountain Frame - Black, 42,136.785,Black,500,375,249.79,42,42-46 CM,2.9199999999999999,M ,L ,U ,LL Mountain Frame,Our best value utilizing the same, ground-breaking frame technology as the ML aluminum frame.,2013-07-01 00:00:00,,Current
532,532,FR-M21B-44,FR-M21B,44,12,LB ,CM ,LL Mountain Frame - Black, 44,136.785,Black,500,375,249.79,44,42-46 CM,2.96,M ,L ,U ,LL Mountain Frame,Our best value utilizing the same, ground-breaking frame technology as the ML aluminum frame.,2013-07-01 00:00:00,,Current
533,533,FR-M21B-48,FR-M21B,48,12,LB ,CM ,LL Mountain Frame - Black, 48,136.785,Black,500,375,249.79,48,48-52 CM,3,M ,L ,U ,LL Mountain Frame,Our best value utilizing the same, ground-breaking frame technology as the ML aluminum frame.,2013-07-01 00:00:00,,Current
534,534,FR-M21B-52,FR-M21B,52,12,LB ,CM ,LL Mountain Frame - Black, 52,136.785,Black,500,375,249.79,52,48-52 CM,3.04,M ,L ,U ,LL Mountain Frame,Our best value utilizing the same, ground-breaking frame technology as the ML aluminum frame.,2013-07-01 00:00:00,,Current
535,535,TI-M267,TI-M267,,37,,,LL Mountain Tire,9.3463,NA,500,375,24.99,,NA,,M ,L ,,LL Mountain Tire,Comparible traction, less expensive wire bead casing.,2013-07-01 00:00:00,,Current
536,536,TI-M602,TI-M602,,37,,,ML Mountain Tire,11.2163,NA,500,375,29.99,,NA,,M ,M ,,ML Mountain Tire,Great traction, high-density rubber.,2013-07-01 00:00:00,,Current
537,537,TI-M823,TI-M823,,37,,,HL Mountain Tire,13.09,NA,500,375,35,,NA,,M ,H ,,HL Mountain Tire,Incredible traction, lightweight carbon reinforced.,2013-07-01 00:00:00,,Current
538,538,TI-R092,TI-R092,,37,,,LL Road Tire,8.0373,NA,500,375,21.49,,NA,,R ,L ,,LL Road Tire,Same great treads as more expensive tire with a less expensive wire bead casing.,2013-07-01 00:00:00,,Current
539,539,TI-R628,TI-R628,,37,,,ML Road Tire,9.3463,NA,500,375,24.99,,NA,,R ,M ,,ML Road Tire,Higher density rubber.,2013-07-01 00:00:00,,Current
540,540,TI-R982,TI-R982,,37,,,HL Road Tire,12.1924,NA,500,375,32.6,,NA,,R ,H ,,HL Road Tire,Lightweight carbon reinforced  for an unrivaled ride at an un-compromised weight.,2013-07-01 00:00:00,,Current
541,541,TI-T723,TI-T723,,37,,,Touring Tire,10.8423,NA,500,375,28.99,,NA,,T ,,,Touring Tire,High-density rubber.,2013-07-01 00:00:00,,Current
542,542,PD-M282,PD-M282,,13,G  ,,LL Mountain Pedal,17.9776,Silver/Black,500,375,40.49,,NA,218,M ,L ,,LL Mountain Pedal,Expanded platform so you can ride in any shoes; great for all-around riding.,2013-07-01 00:00:00,,Current
543,543,PD-M340,PD-M340,,13,G  ,,ML Mountain Pedal,27.568,Silver/Black,500,375,62.09,,NA,215,M ,M ,,ML Mountain Pedal,Lightweight, durable, clipless pedal with adjustable tension.,2013-07-01 00:00:00,,Current
544,544,PD-M562,PD-M562,,13,G  ,,HL Mountain Pedal,35.9596,Silver/Black,500,375,80.99,,NA,185,M ,H ,,HL Mountain Pedal,Stainless steel; designed to shed mud easily.,2013-07-01 00:00:00,,Current
545,545,PD-R347,PD-R347,,13,G  ,,LL Road Pedal,17.9776,Silver/Black,500,375,40.49,,NA,189,R ,L ,,LL Road Pedal,Clipless pedals - aluminum.,2013-07-01 00:00:00,,Current
546,546,PD-R563,PD-R563,,13,G  ,,ML Road Pedal,27.568,Silver/Black,500,375,62.09,,NA,168,R ,M ,,ML Road Pedal,Lightweight aluminum alloy construction.,2013-07-01 00:00:00,,Current
547,547,PD-R853,PD-R853,,13,G  ,,HL Road Pedal,35.9596,Silver/Black,500,375,80.99,,NA,149,R ,H ,,HL Road Pedal,Top-of-the-line clipless pedals with adjustable tension.,2013-07-01 00:00:00,,Current
548,548,PD-T852,PD-T852,,13,,,Touring Pedal,35.9596,Silver/Black,500,375,80.99,,NA,,T ,,,Touring Pedal,A stable pedal for all-day riding.,2013-07-01 00:00:00,,Current
549,549,FR-M63S-38,FR-M63S,38,12,LB ,CM ,ML Mountain Frame-W - Silver, 38,199.3757,Silver,500,375,364.09,38,38-40 CM,2.73,M ,M ,W ,ML Mountain Frame-W,The ML frame is a heat-treated aluminum frame made with the same detail and quality as our HL frame. It offers superior performance. Men's version.,2013-07-01 00:00:00,,Current
550,550,FR-M21B-40,FR-M21B,40,12,LB ,CM ,LL Mountain Frame - Black, 40,136.785,Black,500,375,249.79,40,38-40 CM,2.8799999999999999,M ,L ,U ,LL Mountain Frame,Our best value utilizing the same, ground-breaking frame technology as the ML aluminum frame.,2013-07-01 00:00:00,,Current
551,551,FR-M21S-40,FR-M21S,40,12,LB ,CM ,LL Mountain Frame - Silver, 40,144.5938,Silver,500,375,264.05,40,38-40 CM,2.8799999999999999,M ,L ,U ,LL Mountain Frame,Our best value utilizing the same, ground-breaking frame technology as the ML aluminum frame.,2013-07-01 00:00:00,,Current
552,552,FD-2342,FD-2342,,9,G  ,,Front Derailleur,40.6216,Silver,500,375,91.49,,NA,88,,,,Front Derailleur,Wide-link design.,2013-07-01 00:00:00,,Current
553,553,HB-T721,HB-T721,,4,,,LL Touring Handlebars,20.464,NA,500,375,46.09,,NA,,T ,L ,,LL Touring Handlebars,Unique shape reduces fatigue for entry level riders.,2013-07-01 00:00:00,,Current
554,554,HB-T928,HB-T928,,4,,,HL Touring Handlebars,40.6571,NA,500,375,91.57,,NA,,T ,H ,,HL Touring Handlebars,A light yet stiff aluminum bar for long distance riding.,2013-07-01 00:00:00,,Current
555,555,FB-9873,FB-9873,,6,G  ,,Front Brakes,47.286,Silver,500,375,106.5,,NA,317,,,,Front Brakes,All-weather brake pads; provides superior stopping by applying more surface to the rim.,2013-07-01 00:00:00,,Current
556,556,CS-4759,CS-4759,,8,G  ,,LL Crankset,77.9176,Black,500,375,175.49,,NA,600,,L ,,LL Crankset,Super rigid spindle.,2013-07-01 00:00:00,,Current
557,557,CS-6583,CS-6583,,8,G  ,,ML Crankset,113.8816,Black,500,375,256.49,,NA,635,,M ,,ML Crankset,High-strength crank arm.,2013-07-01 00:00:00,,Current
558,558,CS-9183,CS-9183,,8,G  ,,HL Crankset,179.8156,Black,500,375,404.99,,NA,575,,H ,,HL Crankset,Triple crankset; alumunim crank arm; flawless shifting.,2013-07-01 00:00:00,,Current
559,559,CH-0234,CH-0234,,7,,,Chain,8.9866,Silver,500,375,20.24,,NA,,,,,Chain,Superior shifting performance.,2013-07-01 00:00:00,,Current
560,560,BK-T44U-60,BK-T44U,60,3,LB ,CM ,Touring-2000 Blue, 60,755.1508,Blue,100,75,1214.85,60,60-62 CM,27.899999999999999,T ,M ,U ,Touring-2000,The plush custom saddle keeps you riding all day,  and there's plenty of space to add panniers and bike bags to the newly-redesigned carrier.  This bike has stability when fully-loaded.,2013-07-01 00:00:00,,Current
561,561,BK-T79Y-46,BK-T79Y,46,3,LB ,CM ,Touring-1000 Yellow, 46,1481.9379,Yellow,100,75,2384.07,46,42-46 CM,25.129999999999999,T ,H ,U ,Touring-1000,Travel in style and comfort. Designed for maximum comfort and safety. Wide gear range takes on all hills. High-tech aluminum alloy construction provides durability without added weight.,2013-07-01 00:00:00,,Current
562,562,BK-T79Y-50,BK-T79Y,50,3,LB ,CM ,Touring-1000 Yellow, 50,1481.9379,Yellow,100,75,2384.07,50,48-52 CM,25.420000000000002,T ,H ,U ,Touring-1000,Travel in style and comfort. Designed for maximum comfort and safety. Wide gear range takes on all hills. High-tech aluminum alloy construction provides durability without added weight.,2013-07-01 00:00:00,,Current
563,563,BK-T79Y-54,BK-T79Y,54,3,LB ,CM ,Touring-1000 Yellow, 54,1481.9379,Yellow,100,75,2384.07,54,54-58 CM,25.68,T ,H ,U ,Touring-1000,Travel in style and comfort. Designed for maximum comfort and safety. Wide gear range takes on all hills. High-tech aluminum alloy construction provides durability without added weight.,2013-07-01 00:00:00,,Current
564,564,BK-T79Y-60,BK-T79Y,60,3,LB ,CM ,Touring-1000 Yellow, 60,1481.9379,Yellow,100,75,2384.07,60,60-62 CM,25.899999999999999,T ,H ,U ,Touring-1000,Travel in style and comfort. Designed for maximum comfort and safety. Wide gear range takes on all hills. High-tech aluminum alloy construction provides durability without added weight.,2013-07-01 00:00:00,,Current
565,565,BK-T18U-54,BK-T18U,54,3,LB ,CM ,Touring-3000 Blue, 54,461.4448,Blue,100,75,742.35,54,54-58 CM,29.68,T ,L ,U ,Touring-3000,All-occasion value bike with our basic comfort and safety features. Offers wider, more stable tires for a ride around town or weekend trip.,2013-07-01 00:00:00,,Current
566,566,BK-T18U-58,BK-T18U,58,3,LB ,CM ,Touring-3000 Blue, 58,461.4448,Blue,100,75,742.35,58,54-58 CM,29.899999999999999,T ,L ,U ,Touring-3000,All-occasion value bike with our basic comfort and safety features. Offers wider, more stable tires for a ride around town or weekend trip.,2013-07-01 00:00:00,,Current
567,567,BK-T18U-62,BK-T18U,62,3,LB ,CM ,Touring-3000 Blue, 62,461.4448,Blue,100,75,742.35,62,60-62 CM,30,T ,L ,U ,Touring-3000,All-occasion value bike with our basic comfort and safety features. Offers wider, more stable tires for a ride around town or weekend trip.,2013-07-01 00:00:00,,Current
568,568,BK-T18Y-44,BK-T18Y,44,3,LB ,CM ,Touring-3000 Yellow, 44,461.4448,Yellow,100,75,742.35,44,42-46 CM,28.77,T ,L ,U ,Touring-3000,All-occasion value bike with our basic comfort and safety features. Offers wider, more stable tires for a ride around town or weekend trip.,2013-07-01 00:00:00,,Current
569,569,BK-T18Y-50,BK-T18Y,50,3,LB ,CM ,Touring-3000 Yellow, 50,461.4448,Yellow,100,75,742.35,50,48-52 CM,29.129999999999999,T ,L ,U ,Touring-3000,All-occasion value bike with our basic comfort and safety features. Offers wider, more stable tires for a ride around town or weekend trip.,2013-07-01 00:00:00,,Current
570,570,BK-T18Y-54,BK-T18Y,54,3,LB ,CM ,Touring-3000 Yellow, 54,461.4448,Yellow,100,75,742.35,54,54-58 CM,29.420000000000002,T ,L ,U ,Touring-3000,All-occasion value bike with our basic comfort and safety features. Offers wider, more stable tires for a ride around town or weekend trip.,2013-07-01 00:00:00,,Current
571,571,BK-T18Y-58,BK-T18Y,58,3,LB ,CM ,Touring-3000 Yellow, 58,461.4448,Yellow,100,75,742.35,58,54-58 CM,29.789999999999999,T ,L ,U ,Touring-3000,All-occasion value bike with our basic comfort and safety features. Offers wider, more stable tires for a ride around town or weekend trip.,2013-07-01 00:00:00,,Current
572,572,BK-T18Y-62,BK-T18Y,62,3,LB ,CM ,Touring-3000 Yellow, 62,461.4448,Yellow,100,75,742.35,62,60-62 CM,30,T ,L ,U ,Touring-3000,All-occasion value bike with our basic comfort and safety features. Offers wider, more stable tires for a ride around town or weekend trip.,2013-07-01 00:00:00,,Current
573,573,BK-T79U-46,BK-T79U,46,3,LB ,CM ,Touring-1000 Blue, 46,1481.9379,Blue,100,75,2384.07,46,42-46 CM,25.129999999999999,T ,H ,U ,Touring-1000,Travel in style and comfort. Designed for maximum comfort and safety. Wide gear range takes on all hills. High-tech aluminum alloy construction provides durability without added weight.,2013-07-01 00:00:00,,Current
574,574,BK-T79U-50,BK-T79U,50,3,LB ,CM ,Touring-1000 Blue, 50,1481.9379,Blue,100,75,2384.07,50,48-52 CM,25.420000000000002,T ,H ,U ,Touring-1000,Travel in style and comfort. Designed for maximum comfort and safety. Wide gear range takes on all hills. High-tech aluminum alloy construction provides durability without added weight.,2013-07-01 00:00:00,,Current
575,575,BK-T79U-54,BK-T79U,54,3,LB ,CM ,Touring-1000 Blue, 54,1481.9379,Blue,100,75,2384.07,54,54-58 CM,25.68,T ,H ,U ,Touring-1000,Travel in style and comfort. Designed for maximum comfort and safety. Wide gear range takes on all hills. High-tech aluminum alloy construction provides durability without added weight.,2013-07-01 00:00:00,,Current
576,576,BK-T79U-60,BK-T79U,60,3,LB ,CM ,Touring-1000 Blue, 60,1481.9379,Blue,100,75,2384.07,60,60-62 CM,25.899999999999999,T ,H ,U ,Touring-1000,Travel in style and comfort. Designed for maximum comfort and safety. Wide gear range takes on all hills. High-tech aluminum alloy construction provides durability without added weight.,2013-07-01 00:00:00,,Current
577,577,BK-T44U-46,BK-T44U,46,3,LB ,CM ,Touring-2000 Blue, 46,755.1508,Blue,100,75,1214.85,46,42-46 CM,27.129999999999999,T ,M ,U ,Touring-2000,The plush custom saddle keeps you riding all day,  and there's plenty of space to add panniers and bike bags to the newly-redesigned carrier.  This bike has stability when fully-loaded.,2013-07-01 00:00:00,,Current
578,578,BK-T44U-50,BK-T44U,50,3,LB ,CM ,Touring-2000 Blue, 50,755.1508,Blue,100,75,1214.85,50,48-52 CM,27.420000000000002,T ,M ,U ,Touring-2000,The plush custom saddle keeps you riding all day,  and there's plenty of space to add panniers and bike bags to the newly-redesigned carrier.  This bike has stability when fully-loaded.,2013-07-01 00:00:00,,Current
579,579,BK-T44U-54,BK-T44U,54,3,LB ,CM ,Touring-2000 Blue, 54,755.1508,Blue,100,75,1214.85,54,54-58 CM,27.68,T ,M ,U ,Touring-2000,The plush custom saddle keeps you riding all day,  and there's plenty of space to add panniers and bike bags to the newly-redesigned carrier.  This bike has stability when fully-loaded.,2013-07-01 00:00:00,,Current
580,580,BK-R79Y-40,BK-R79Y,40,2,LB ,CM ,Road-350-W Yellow, 40,1082.51,Yellow,100,75,1700.99,40,38-40 CM,15.35,R ,M ,W ,Road-350-W,Cross-train, race, or just socialize on a sleek, aerodynamic bike designed for a woman.  Advanced seat technology provides comfort all day.,2013-07-01 00:00:00,,Current
581,581,BK-R79Y-42,BK-R79Y,42,2,LB ,CM ,Road-350-W Yellow, 42,1082.51,Yellow,100,75,1700.99,42,42-46 CM,15.77,R ,M ,W ,Road-350-W,Cross-train, race, or just socialize on a sleek, aerodynamic bike designed for a woman.  Advanced seat technology provides comfort all day.,2013-07-01 00:00:00,,Current
582,582,BK-R79Y-44,BK-R79Y,44,2,LB ,CM ,Road-350-W Yellow, 44,1082.51,Yellow,100,75,1700.99,44,42-46 CM,16.129999999999999,R ,M ,W ,Road-350-W,Cross-train, race, or just socialize on a sleek, aerodynamic bike designed for a woman.  Advanced seat technology provides comfort all day.,2013-07-01 00:00:00,,Current
583,583,BK-R79Y-48,BK-R79Y,48,2,LB ,CM ,Road-350-W Yellow, 48,1082.51,Yellow,100,75,1700.99,48,48-52 CM,16.420000000000002,R ,M ,W ,Road-350-W,Cross-train, race, or just socialize on a sleek, aerodynamic bike designed for a woman.  Advanced seat technology provides comfort all day.,2013-07-01 00:00:00,,Current
584,584,BK-R19B-58,BK-R19B,58,2,LB ,CM ,Road-750 Black, 58,343.6496,Black,100,75,539.99,58,54-58 CM,20.789999999999999,R ,L ,U ,Road-750,Entry level adult bike; offers a comfortable ride cross-country or down the block. Quick-release hubs and rims.,2013-07-01 00:00:00,,Current
585,585,BK-T18U-44,BK-T18U,44,3,LB ,CM ,Touring-3000 Blue, 44,461.4448,Blue,100,75,742.35,44,42-46 CM,28.77,T ,L ,U ,Touring-3000,All-occasion value bike with our basic comfort and safety features. Offers wider, more stable tires for a ride around town or weekend trip.,2013-07-01 00:00:00,,Current
586,586,BK-T18U-50,BK-T18U,50,3,LB ,CM ,Touring-3000 Blue, 50,461.4448,Blue,100,75,742.35,50,48-52 CM,29.129999999999999,T ,L ,U ,Touring-3000,All-occasion value bike with our basic comfort and safety features. Offers wider, more stable tires for a ride around town or weekend trip.,2013-07-01 00:00:00,,Current
587,587,BK-M38S-38,BK-M38S,38,1,LB ,CM ,Mountain-400-W Silver, 38,419.7784,Silver,100,75,769.49,38,38-40 CM,26.350000000000001,M ,M ,W ,Mountain-400-W,This bike delivers a high-level of performance on a budget. It is responsive and maneuverable, and offers peace-of-mind when you decide to go off-road.,2013-07-01 00:00:00,,Current
588,588,BK-M38S-40,BK-M38S,40,1,LB ,CM ,Mountain-400-W Silver, 40,419.7784,Silver,100,75,769.49,40,38-40 CM,26.77,M ,M ,W ,Mountain-400-W,This bike delivers a high-level of performance on a budget. It is responsive and maneuverable, and offers peace-of-mind when you decide to go off-road.,2013-07-01 00:00:00,,Current
589,589,BK-M38S-42,BK-M38S,42,1,LB ,CM ,Mountain-400-W Silver, 42,419.7784,Silver,100,75,769.49,42,42-46 CM,27.129999999999999,M ,M ,W ,Mountain-400-W,This bike delivers a high-level of performance on a budget. It is responsive and maneuverable, and offers peace-of-mind when you decide to go off-road.,2013-07-01 00:00:00,,Current
590,590,BK-M38S-46,BK-M38S,46,1,LB ,CM ,Mountain-400-W Silver, 46,419.7784,Silver,100,75,769.49,46,42-46 CM,27.420000000000002,M ,M ,W ,Mountain-400-W,This bike delivers a high-level of performance on a budget. It is responsive and maneuverable, and offers peace-of-mind when you decide to go off-road.,2013-07-01 00:00:00,,Current
591,591,BK-M18S-40,BK-M18S,40,1,LB ,CM ,Mountain-500 Silver, 40,308.2179,Silver,100,75,564.99,40,38-40 CM,27.350000000000001,M ,L ,U ,Mountain-500,Suitable for any type of riding, on or off-road. Fits any budget. Smooth-shifting with a comfortable ride.,2013-07-01 00:00:00,,Current
592,592,BK-M18S-42,BK-M18S,42,1,LB ,CM ,Mountain-500 Silver, 42,308.2179,Silver,100,75,564.99,42,42-46 CM,27.77,M ,L ,U ,Mountain-500,Suitable for any type of riding, on or off-road. Fits any budget. Smooth-shifting with a comfortable ride.,2013-07-01 00:00:00,,Current
593,593,BK-M18S-44,BK-M18S,44,1,LB ,CM ,Mountain-500 Silver, 44,308.2179,Silver,100,75,564.99,44,42-46 CM,28.129999999999999,M ,L ,U ,Mountain-500,Suitable for any type of riding, on or off-road. Fits any budget. Smooth-shifting with a comfortable ride.,2013-07-01 00:00:00,,Current
594,594,BK-M18S-48,BK-M18S,48,1,LB ,CM ,Mountain-500 Silver, 48,308.2179,Silver,100,75,564.99,48,48-52 CM,28.420000000000002,M ,L ,U ,Mountain-500,Suitable for any type of riding, on or off-road. Fits any budget. Smooth-shifting with a comfortable ride.,2013-07-01 00:00:00,,Current
595,595,BK-M18S-52,BK-M18S,52,1,LB ,CM ,Mountain-500 Silver, 52,308.2179,Silver,100,75,564.99,52,48-52 CM,28.68,M ,L ,U ,Mountain-500,Suitable for any type of riding, on or off-road. Fits any budget. Smooth-shifting with a comfortable ride.,2013-07-01 00:00:00,,Current
596,596,BK-M18B-40,BK-M18B,40,1,LB ,CM ,Mountain-500 Black, 40,294.5797,Black,100,75,539.99,40,38-40 CM,27.350000000000001,M ,L ,U ,Mountain-500,Suitable for any type of riding, on or off-road. Fits any budget. Smooth-shifting with a comfortable ride.,2013-07-01 00:00:00,,Current
597,597,BK-M18B-42,BK-M18B,42,1,LB ,CM ,Mountain-500 Black, 42,294.5797,Black,100,75,539.99,42,42-46 CM,27.77,M ,L ,U ,Mountain-500,Suitable for any type of riding, on or off-road. Fits any budget. Smooth-shifting with a comfortable ride.,2013-07-01 00:00:00,,Current
598,598,BK-M18B-44,BK-M18B,44,1,LB ,CM ,Mountain-500 Black, 44,294.5797,Black,100,75,539.99,44,42-46 CM,28.129999999999999,M ,L ,U ,Mountain-500,Suitable for any type of riding, on or off-road. Fits any budget. Smooth-shifting with a comfortable ride.,2013-07-01 00:00:00,,Current
599,599,BK-M18B-48,BK-M18B,48,1,LB ,CM ,Mountain-500 Black, 48,294.5797,Black,100,75,539.99,48,48-52 CM,28.420000000000002,M ,L ,U ,Mountain-500,Suitable for any type of riding, on or off-road. Fits any budget. Smooth-shifting with a comfortable ride.,2013-07-01 00:00:00,,Current
600,600,BK-M18B-52,BK-M18B,52,1,LB ,CM ,Mountain-500 Black, 52,294.5797,Black,100,75,539.99,52,48-52 CM,28.68,M ,L ,U ,Mountain-500,Suitable for any type of riding, on or off-road. Fits any budget. Smooth-shifting with a comfortable ride.,2013-07-01 00:00:00,,Current
601,601,BB-7421,BB-7421,,5,G  ,,LL Bottom Bracket,23.9716,NA,500,375,53.99,,NA,223,,L ,,LL Bottom Bracket,Chromoly steel.,2013-07-01 00:00:00,,Current
602,602,BB-8107,BB-8107,,5,G  ,,ML Bottom Bracket,44.9506,NA,500,375,101.24,,NA,168,,M ,,ML Bottom Bracket,Aluminum alloy cups; large diameter spindle.,2013-07-01 00:00:00,,Current
603,603,BB-9108,BB-9108,,5,G  ,,HL Bottom Bracket,53.9416,NA,500,375,121.49,,NA,170,,H ,,HL Bottom Bracket,Aluminum alloy cups and a hollow axle.,2013-07-01 00:00:00,,Current
604,604,BK-R19B-44,BK-R19B,44,2,LB ,CM ,Road-750 Black, 44,343.6496,Black,100,75,539.99,44,42-46 CM,19.77,R ,L ,U ,Road-750,Entry level adult bike; offers a comfortable ride cross-country or down the block. Quick-release hubs and rims.,2013-07-01 00:00:00,,Current
605,605,BK-R19B-48,BK-R19B,48,2,LB ,CM ,Road-750 Black, 48,343.6496,Black,100,75,539.99,48,48-52 CM,20.129999999999999,R ,L ,U ,Road-750,Entry level adult bike; offers a comfortable ride cross-country or down the block. Quick-release hubs and rims.,2013-07-01 00:00:00,,Current
606,606,BK-R19B-52,BK-R19B,52,2,LB ,CM ,Road-750 Black, 52,343.6496,Black,100,75,539.99,52,48-52 CM,20.420000000000002,R ,L ,U ,Road-750,Entry level adult bike; offers a comfortable ride cross-country or down the block. Quick-release hubs and rims.,2013-07-01 00:00:00,,Current
